$ /home/dgamroth/workspaces/codex/pipewire/pipewire/build/src/tests/pw-test-polling-data-loop --benchmark-scan 64 none 1000000 1000000 12 14 0 /tmp/pw-polling-profile-aagty2rg/faults-sources64-rt0-rep1.csv
$ perf stat --no-big-num -x ; --output /home/dgamroth/workspaces/codex/pipewire/pipewire/doc/dox/internals/benchmark-data/polling-data-loop-pmu-2026-08-25-record/stat-faults-sources64-rt0-rep1.csv --delay=-1 --control=fd:4,9 -e {page-faults,minor-faults,major-faults,context-switches,cpu-migrations} -t 1217499
benchmark-stdout:
scan work-sources=64 probe-sources=1 contention=none samples=1000000 warmup=1000000 caller-cpu=12 loop-cpu=14 requested-rt-priority=0 observed-loop-cpu=14 observed-policy=0 observed-priority=0 scheduler-error=0 rate=6633568.1/s p50=0.150us p90=0.151us p99=0.170us p99.9=0.330us max=6.993us control-submitted=0 control-completed=0 control-failed=0
benchmark-stderr:
perf-stdout:
perf-stderr:
Events disabled
Events enabled
Events disabled


$ /home/dgamroth/workspaces/codex/pipewire/pipewire/build/src/tests/pw-test-polling-data-loop --benchmark-scan 16 none 1000000 1000000 12 14 88 /tmp/pw-polling-profile-aagty2rg/l2-sources16-rt88-rep1.csv
$ perf stat --no-big-num -x ; --output /home/dgamroth/workspaces/codex/pipewire/pipewire/doc/dox/internals/benchmark-data/polling-data-loop-pmu-2026-08-25-record/stat-l2-sources16-rt88-rep1.csv --delay=-1 --control=fd:4,9 -e {cycles:u,instructions:u,l2_request_g1.all_no_prefetch:u,l2_cache_req_stat.ic_dc_miss_in_l2:u} -t 1217509
benchmark-stdout:
scan work-sources=16 probe-sources=1 contention=none samples=1000000 warmup=1000000 caller-cpu=12 loop-cpu=14 requested-rt-priority=88 observed-loop-cpu=14 observed-policy=1 observed-priority=88 scheduler-error=0 rate=16278429.4/s p50=0.060us p90=0.061us p99=0.091us p99.9=0.141us max=12.673us control-submitted=0 control-completed=0 control-failed=0
benchmark-stderr:
perf-stdout:
perf-stderr:
Events disabled
Events enabled
Events disabled


$ /home/dgamroth/workspaces/codex/pipewire/pipewire/build/src/tests/pw-test-polling-data-loop --benchmark-scan 4 none 1000000 1000000 12 14 88 /tmp/pw-polling-profile-aagty2rg/core-sources4-rt88-rep1.csv
$ perf stat --no-big-num -x ; --output /home/dgamroth/workspaces/codex/pipewire/pipewire/doc/dox/internals/benchmark-data/polling-data-loop-pmu-2026-08-25-record/stat-core-sources4-rt88-rep1.csv --delay=-1 --control=fd:4,9 -e {cycles:u,instructions:u,branches:u,branch-misses:u} -t 1217541
benchmark-stdout:
scan work-sources=4 probe-sources=1 contention=none samples=1000000 warmup=1000000 caller-cpu=12 loop-cpu=14 requested-rt-priority=88 observed-loop-cpu=14 observed-policy=1 observed-priority=88 scheduler-error=0 rate=22025992.7/s p50=0.040us p90=0.050us p99=0.100us p99.9=0.101us max=16.010us control-submitted=0 control-completed=0 control-failed=0
benchmark-stderr:
perf-stdout:
perf-stderr:
Events disabled
Events enabled
Events disabled


$ /home/dgamroth/workspaces/codex/pipewire/pipewire/build/src/tests/pw-test-polling-data-loop --benchmark-scan 64 none 1000000 1000000 12 14 88 /tmp/pw-polling-profile-aagty2rg/faults-sources64-rt88-rep1.csv
$ perf stat --no-big-num -x ; --output /home/dgamroth/workspaces/codex/pipewire/pipewire/doc/dox/internals/benchmark-data/polling-data-loop-pmu-2026-08-25-record/stat-faults-sources64-rt88-rep1.csv --delay=-1 --control=fd:4,9 -e {page-faults,minor-faults,major-faults,context-switches,cpu-migrations} -t 1217585
benchmark-stdout:
scan work-sources=64 probe-sources=1 contention=none samples=1000000 warmup=1000000 caller-cpu=12 loop-cpu=14 requested-rt-priority=88 observed-loop-cpu=14 observed-policy=1 observed-priority=88 scheduler-error=0 rate=6622195.1/s p50=0.150us p90=0.151us p99=0.190us p99.9=0.331us max=7.484us control-submitted=0 control-completed=0 control-failed=0
benchmark-stderr:
perf-stdout:
perf-stderr:
Events disabled
Events enabled
Events disabled


$ /home/dgamroth/workspaces/codex/pipewire/pipewire/build/src/tests/pw-test-polling-data-loop --benchmark-scan 16 none 1000000 1000000 12 14 0 /tmp/pw-polling-profile-aagty2rg/l2-sources16-rt0-rep1.csv
$ perf stat --no-big-num -x ; --output /home/dgamroth/workspaces/codex/pipewire/pipewire/doc/dox/internals/benchmark-data/polling-data-loop-pmu-2026-08-25-record/stat-l2-sources16-rt0-rep1.csv --delay=-1 --control=fd:4,9 -e {cycles:u,instructions:u,l2_request_g1.all_no_prefetch:u,l2_cache_req_stat.ic_dc_miss_in_l2:u} -t 1217602
benchmark-stdout:
scan work-sources=16 probe-sources=1 contention=none samples=1000000 warmup=1000000 caller-cpu=12 loop-cpu=14 requested-rt-priority=0 observed-loop-cpu=14 observed-policy=0 observed-priority=0 scheduler-error=0 rate=15235414.7/s p50=0.061us p90=0.070us p99=0.090us p99.9=0.141us max=10.871us control-submitted=0 control-completed=0 control-failed=0
benchmark-stderr:
perf-stdout:
perf-stderr:
Events disabled
Events enabled
Events disabled


$ /home/dgamroth/workspaces/codex/pipewire/pipewire/build/src/tests/pw-test-polling-data-loop --benchmark-scan 1 none 1000000 1000000 12 14 88 /tmp/pw-polling-profile-aagty2rg/faults-sources1-rt88-rep1.csv
$ perf stat --no-big-num -x ; --output /home/dgamroth/workspaces/codex/pipewire/pipewire/doc/dox/internals/benchmark-data/polling-data-loop-pmu-2026-08-25-record/stat-faults-sources1-rt88-rep1.csv --delay=-1 --control=fd:4,9 -e {page-faults,minor-faults,major-faults,context-switches,cpu-migrations} -t 1217621
benchmark-stdout:
scan work-sources=1 probe-sources=1 contention=none samples=1000000 warmup=1000000 caller-cpu=12 loop-cpu=14 requested-rt-priority=88 observed-loop-cpu=14 observed-policy=1 observed-priority=88 scheduler-error=0 rate=23416846.7/s p50=0.040us p90=0.050us p99=0.060us p99.9=0.071us max=6.472us control-submitted=0 control-completed=0 control-failed=0
benchmark-stderr:
perf-stdout:
perf-stderr:
Events disabled
Events enabled
Events disabled


$ /home/dgamroth/workspaces/codex/pipewire/pipewire/build/src/tests/pw-test-polling-data-loop --benchmark-scan 0 none 1000000 1000000 12 14 0 /tmp/pw-polling-profile-aagty2rg/core-sources0-rt0-rep1.csv
$ perf stat --no-big-num -x ; --output /home/dgamroth/workspaces/codex/pipewire/pipewire/doc/dox/internals/benchmark-data/polling-data-loop-pmu-2026-08-25-record/stat-core-sources0-rt0-rep1.csv --delay=-1 --control=fd:4,9 -e {cycles:u,instructions:u,branches:u,branch-misses:u} -t 1217640
benchmark-stdout:
scan work-sources=0 probe-sources=1 contention=none samples=1000000 warmup=1000000 caller-cpu=12 loop-cpu=14 requested-rt-priority=0 observed-loop-cpu=14 observed-policy=0 observed-priority=0 scheduler-error=0 rate=14647822.5/s p50=0.070us p90=0.080us p99=0.090us p99.9=0.170us max=12.203us control-submitted=0 control-completed=0 control-failed=0
benchmark-stderr:
perf-stdout:
perf-stderr:
Events disabled
Events enabled
Events disabled


$ /home/dgamroth/workspaces/codex/pipewire/pipewire/build/src/tests/pw-test-polling-data-loop --benchmark-scan 0 none 1000000 1000000 12 14 0 /tmp/pw-polling-profile-aagty2rg/l1d-sources0-rt0-rep1.csv
$ perf stat --no-big-num -x ; --output /home/dgamroth/workspaces/codex/pipewire/pipewire/doc/dox/internals/benchmark-data/polling-data-loop-pmu-2026-08-25-record/stat-l1d-sources0-rt0-rep1.csv --delay=-1 --control=fd:4,9 -e {cycles:u,instructions:u,L1-dcache-loads:u,L1-dcache-load-misses:u} -t 1217662
benchmark-stdout:
scan work-sources=0 probe-sources=1 contention=none samples=1000000 warmup=1000000 caller-cpu=12 loop-cpu=14 requested-rt-priority=0 observed-loop-cpu=14 observed-policy=0 observed-priority=0 scheduler-error=0 rate=24174145.3/s p50=0.040us p90=0.041us p99=0.090us p99.9=0.091us max=20.849us control-submitted=0 control-completed=0 control-failed=0
benchmark-stderr:
perf-stdout:
perf-stderr:
Events disabled
Events enabled
Events disabled


$ /home/dgamroth/workspaces/codex/pipewire/pipewire/build/src/tests/pw-test-polling-data-loop --benchmark-scan 0 none 1000000 1000000 12 14 88 /tmp/pw-polling-profile-aagty2rg/faults-sources0-rt88-rep1.csv
$ perf stat --no-big-num -x ; --output /home/dgamroth/workspaces/codex/pipewire/pipewire/doc/dox/internals/benchmark-data/polling-data-loop-pmu-2026-08-25-record/stat-faults-sources0-rt88-rep1.csv --delay=-1 --control=fd:4,9 -e {page-faults,minor-faults,major-faults,context-switches,cpu-migrations} -t 1217679
benchmark-stdout:
scan work-sources=0 probe-sources=1 contention=none samples=1000000 warmup=1000000 caller-cpu=12 loop-cpu=14 requested-rt-priority=88 observed-loop-cpu=14 observed-policy=1 observed-priority=88 scheduler-error=0 rate=24461572.1/s p50=0.040us p90=0.041us p99=0.050us p99.9=0.060us max=39.674us control-submitted=0 control-completed=0 control-failed=0
benchmark-stderr:
perf-stdout:
perf-stderr:
Events disabled
Events enabled
Events disabled


$ /home/dgamroth/workspaces/codex/pipewire/pipewire/build/src/tests/pw-test-polling-data-loop --benchmark-scan 16 none 1000000 1000000 12 14 0 /tmp/pw-polling-profile-aagty2rg/l1d-sources16-rt0-rep1.csv
$ perf stat --no-big-num -x ; --output /home/dgamroth/workspaces/codex/pipewire/pipewire/doc/dox/internals/benchmark-data/polling-data-loop-pmu-2026-08-25-record/stat-l1d-sources16-rt0-rep1.csv --delay=-1 --control=fd:4,9 -e {cycles:u,instructions:u,L1-dcache-loads:u,L1-dcache-load-misses:u} -t 1217689
benchmark-stdout:
scan work-sources=16 probe-sources=1 contention=none samples=1000000 warmup=1000000 caller-cpu=12 loop-cpu=14 requested-rt-priority=0 observed-loop-cpu=14 observed-policy=0 observed-priority=0 scheduler-error=0 rate=16015485.1/s p50=0.060us p90=0.070us p99=0.130us p99.9=0.141us max=8.025us control-submitted=0 control-completed=0 control-failed=0
benchmark-stderr:
perf-stdout:
perf-stderr:
Events disabled
Events enabled
Events disabled


$ /home/dgamroth/workspaces/codex/pipewire/pipewire/build/src/tests/pw-test-polling-data-loop --benchmark-scan 64 none 1000000 1000000 12 14 88 /tmp/pw-polling-profile-aagty2rg/l2-sources64-rt88-rep1.csv
$ perf stat --no-big-num -x ; --output /home/dgamroth/workspaces/codex/pipewire/pipewire/doc/dox/internals/benchmark-data/polling-data-loop-pmu-2026-08-25-record/stat-l2-sources64-rt88-rep1.csv --delay=-1 --control=fd:4,9 -e {cycles:u,instructions:u,l2_request_g1.all_no_prefetch:u,l2_cache_req_stat.ic_dc_miss_in_l2:u} -t 1217720
benchmark-stdout:
scan work-sources=64 probe-sources=1 contention=none samples=1000000 warmup=1000000 caller-cpu=12 loop-cpu=14 requested-rt-priority=88 observed-loop-cpu=14 observed-policy=1 observed-priority=88 scheduler-error=0 rate=6561129.3/s p50=0.150us p90=0.151us p99=0.210us p99.9=0.341us max=16.030us control-submitted=0 control-completed=0 control-failed=0
benchmark-stderr:
perf-stdout:
perf-stderr:
Events disabled
Events enabled
Events disabled


$ /home/dgamroth/workspaces/codex/pipewire/pipewire/build/src/tests/pw-test-polling-data-loop --benchmark-scan 0 none 1000000 1000000 12 14 88 /tmp/pw-polling-profile-aagty2rg/l2-sources0-rt88-rep1.csv
$ perf stat --no-big-num -x ; --output /home/dgamroth/workspaces/codex/pipewire/pipewire/doc/dox/internals/benchmark-data/polling-data-loop-pmu-2026-08-25-record/stat-l2-sources0-rt88-rep1.csv --delay=-1 --control=fd:4,9 -e {cycles:u,instructions:u,l2_request_g1.all_no_prefetch:u,l2_cache_req_stat.ic_dc_miss_in_l2:u} -t 1217754
benchmark-stdout:
scan work-sources=0 probe-sources=1 contention=none samples=1000000 warmup=1000000 caller-cpu=12 loop-cpu=14 requested-rt-priority=88 observed-loop-cpu=14 observed-policy=1 observed-priority=88 scheduler-error=0 rate=24289028.6/s p50=0.040us p90=0.041us p99=0.060us p99.9=0.070us max=6.422us control-submitted=0 control-completed=0 control-failed=0
benchmark-stderr:
perf-stdout:
perf-stderr:
Events disabled
Events enabled
Events disabled


$ /home/dgamroth/workspaces/codex/pipewire/pipewire/build/src/tests/pw-test-polling-data-loop --benchmark-scan 1 none 1000000 1000000 12 14 0 /tmp/pw-polling-profile-aagty2rg/faults-sources1-rt0-rep1.csv
$ perf stat --no-big-num -x ; --output /home/dgamroth/workspaces/codex/pipewire/pipewire/doc/dox/internals/benchmark-data/polling-data-loop-pmu-2026-08-25-record/stat-faults-sources1-rt0-rep1.csv --delay=-1 --control=fd:4,9 -e {page-faults,minor-faults,major-faults,context-switches,cpu-migrations} -t 1217785
benchmark-stdout:
scan work-sources=1 probe-sources=1 contention=none samples=1000000 warmup=1000000 caller-cpu=12 loop-cpu=14 requested-rt-priority=0 observed-loop-cpu=14 observed-policy=0 observed-priority=0 scheduler-error=0 rate=23802745.7/s p50=0.040us p90=0.050us p99=0.051us p99.9=0.070us max=7.724us control-submitted=0 control-completed=0 control-failed=0
benchmark-stderr:
perf-stdout:
perf-stderr:
Events disabled
Events enabled
Events disabled


$ /home/dgamroth/workspaces/codex/pipewire/pipewire/build/src/tests/pw-test-polling-data-loop --benchmark-scan 1 none 1000000 1000000 12 14 0 /tmp/pw-polling-profile-aagty2rg/l2-sources1-rt0-rep1.csv
$ perf stat --no-big-num -x ; --output /home/dgamroth/workspaces/codex/pipewire/pipewire/doc/dox/internals/benchmark-data/polling-data-loop-pmu-2026-08-25-record/stat-l2-sources1-rt0-rep1.csv --delay=-1 --control=fd:4,9 -e {cycles:u,instructions:u,l2_request_g1.all_no_prefetch:u,l2_cache_req_stat.ic_dc_miss_in_l2:u} -t 1217816
benchmark-stdout:
scan work-sources=1 probe-sources=1 contention=none samples=1000000 warmup=1000000 caller-cpu=12 loop-cpu=14 requested-rt-priority=0 observed-loop-cpu=14 observed-policy=0 observed-priority=0 scheduler-error=0 rate=23070712.3/s p50=0.040us p90=0.050us p99=0.100us p99.9=0.101us max=15.308us control-submitted=0 control-completed=0 control-failed=0
benchmark-stderr:
perf-stdout:
perf-stderr:
Events disabled
Events enabled
Events disabled


$ /home/dgamroth/workspaces/codex/pipewire/pipewire/build/src/tests/pw-test-polling-data-loop --benchmark-scan 4 none 1000000 1000000 12 14 88 /tmp/pw-polling-profile-aagty2rg/dtlb-sources4-rt88-rep1.csv
$ perf stat --no-big-num -x ; --output /home/dgamroth/workspaces/codex/pipewire/pipewire/doc/dox/internals/benchmark-data/polling-data-loop-pmu-2026-08-25-record/stat-dtlb-sources4-rt88-rep1.csv --delay=-1 --control=fd:4,9 -e {cycles:u,instructions:u,l1_dtlb_misses:u,l2_dtlb_misses:u} -t 1217829
benchmark-stdout:
scan work-sources=4 probe-sources=1 contention=none samples=1000000 warmup=1000000 caller-cpu=12 loop-cpu=14 requested-rt-priority=88 observed-loop-cpu=14 observed-policy=1 observed-priority=88 scheduler-error=0 rate=21599734.2/s p50=0.050us p90=0.050us p99=0.100us p99.9=0.101us max=12.824us control-submitted=0 control-completed=0 control-failed=0
benchmark-stderr:
perf-stdout:
perf-stderr:
Events disabled
Events enabled
Events disabled


$ /home/dgamroth/workspaces/codex/pipewire/pipewire/build/src/tests/pw-test-polling-data-loop --benchmark-scan 4 none 1000000 1000000 12 14 0 /tmp/pw-polling-profile-aagty2rg/l2-sources4-rt0-rep1.csv
$ perf stat --no-big-num -x ; --output /home/dgamroth/workspaces/codex/pipewire/pipewire/doc/dox/internals/benchmark-data/polling-data-loop-pmu-2026-08-25-record/stat-l2-sources4-rt0-rep1.csv --delay=-1 --control=fd:4,9 -e {cycles:u,instructions:u,l2_request_g1.all_no_prefetch:u,l2_cache_req_stat.ic_dc_miss_in_l2:u} -t 1217855
benchmark-stdout:
scan work-sources=4 probe-sources=1 contention=none samples=1000000 warmup=1000000 caller-cpu=12 loop-cpu=14 requested-rt-priority=0 observed-loop-cpu=14 observed-policy=0 observed-priority=0 scheduler-error=0 rate=21755222.2/s p50=0.050us p90=0.050us p99=0.070us p99.9=0.100us max=6.663us control-submitted=0 control-completed=0 control-failed=0
benchmark-stderr:
perf-stdout:
perf-stderr:
Events disabled
Events enabled
Events disabled


$ /home/dgamroth/workspaces/codex/pipewire/pipewire/build/src/tests/pw-test-polling-data-loop --benchmark-scan 64 none 1000000 1000000 12 14 0 /tmp/pw-polling-profile-aagty2rg/l2-sources64-rt0-rep1.csv
$ perf stat --no-big-num -x ; --output /home/dgamroth/workspaces/codex/pipewire/pipewire/doc/dox/internals/benchmark-data/polling-data-loop-pmu-2026-08-25-record/stat-l2-sources64-rt0-rep1.csv --delay=-1 --control=fd:4,9 -e {cycles:u,instructions:u,l2_request_g1.all_no_prefetch:u,l2_cache_req_stat.ic_dc_miss_in_l2:u} -t 1217864
benchmark-stdout:
scan work-sources=64 probe-sources=1 contention=none samples=1000000 warmup=1000000 caller-cpu=12 loop-cpu=14 requested-rt-priority=0 observed-loop-cpu=14 observed-policy=0 observed-priority=0 scheduler-error=0 rate=6201905.3/s p50=0.150us p90=0.200us p99=0.231us p99.9=0.311us max=6.742us control-submitted=0 control-completed=0 control-failed=0
benchmark-stderr:
perf-stdout:
perf-stderr:
Events disabled
Events enabled
Events disabled


$ /home/dgamroth/workspaces/codex/pipewire/pipewire/build/src/tests/pw-test-polling-data-loop --benchmark-scan 64 none 1000000 1000000 12 14 88 /tmp/pw-polling-profile-aagty2rg/dtlb-sources64-rt88-rep1.csv
$ perf stat --no-big-num -x ; --output /home/dgamroth/workspaces/codex/pipewire/pipewire/doc/dox/internals/benchmark-data/polling-data-loop-pmu-2026-08-25-record/stat-dtlb-sources64-rt88-rep1.csv --delay=-1 --control=fd:4,9 -e {cycles:u,instructions:u,l1_dtlb_misses:u,l2_dtlb_misses:u} -t 1217886
benchmark-stdout:
scan work-sources=64 probe-sources=1 contention=none samples=1000000 warmup=1000000 caller-cpu=12 loop-cpu=14 requested-rt-priority=88 observed-loop-cpu=14 observed-policy=1 observed-priority=88 scheduler-error=0 rate=6604744.6/s p50=0.150us p90=0.151us p99=0.161us p99.9=0.331us max=10.640us control-submitted=0 control-completed=0 control-failed=0
benchmark-stderr:
perf-stdout:
perf-stderr:
Events disabled
Events enabled
Events disabled


$ /home/dgamroth/workspaces/codex/pipewire/pipewire/build/src/tests/pw-test-polling-data-loop --benchmark-scan 1 none 1000000 1000000 12 14 88 /tmp/pw-polling-profile-aagty2rg/l2-sources1-rt88-rep1.csv
$ perf stat --no-big-num -x ; --output /home/dgamroth/workspaces/codex/pipewire/pipewire/doc/dox/internals/benchmark-data/polling-data-loop-pmu-2026-08-25-record/stat-l2-sources1-rt88-rep1.csv --delay=-1 --control=fd:4,9 -e {cycles:u,instructions:u,l2_request_g1.all_no_prefetch:u,l2_cache_req_stat.ic_dc_miss_in_l2:u} -t 1217906
benchmark-stdout:
scan work-sources=1 probe-sources=1 contention=none samples=1000000 warmup=1000000 caller-cpu=12 loop-cpu=14 requested-rt-priority=88 observed-loop-cpu=14 observed-policy=1 observed-priority=88 scheduler-error=0 rate=23260815.0/s p50=0.040us p90=0.050us p99=0.090us p99.9=0.101us max=11.441us control-submitted=0 control-completed=0 control-failed=0
benchmark-stderr:
perf-stdout:
perf-stderr:
Events disabled
Events enabled
Events disabled


$ /home/dgamroth/workspaces/codex/pipewire/pipewire/build/src/tests/pw-test-polling-data-loop --benchmark-scan 16 none 1000000 1000000 12 14 88 /tmp/pw-polling-profile-aagty2rg/dtlb-sources16-rt88-rep1.csv
$ perf stat --no-big-num -x ; --output /home/dgamroth/workspaces/codex/pipewire/pipewire/doc/dox/internals/benchmark-data/polling-data-loop-pmu-2026-08-25-record/stat-dtlb-sources16-rt88-rep1.csv --delay=-1 --control=fd:4,9 -e {cycles:u,instructions:u,l1_dtlb_misses:u,l2_dtlb_misses:u} -t 1217922
benchmark-stdout:
scan work-sources=16 probe-sources=1 contention=none samples=1000000 warmup=1000000 caller-cpu=12 loop-cpu=14 requested-rt-priority=88 observed-loop-cpu=14 observed-policy=1 observed-priority=88 scheduler-error=0 rate=15987101.1/s p50=0.060us p90=0.070us p99=0.100us p99.9=0.130us max=8.796us control-submitted=0 control-completed=0 control-failed=0
benchmark-stderr:
perf-stdout:
perf-stderr:
Events disabled
Events enabled
Events disabled


$ /home/dgamroth/workspaces/codex/pipewire/pipewire/build/src/tests/pw-test-polling-data-loop --benchmark-scan 4 none 1000000 1000000 12 14 0 /tmp/pw-polling-profile-aagty2rg/l1d-sources4-rt0-rep1.csv
$ perf stat --no-big-num -x ; --output /home/dgamroth/workspaces/codex/pipewire/pipewire/doc/dox/internals/benchmark-data/polling-data-loop-pmu-2026-08-25-record/stat-l1d-sources4-rt0-rep1.csv --delay=-1 --control=fd:4,9 -e {cycles:u,instructions:u,L1-dcache-loads:u,L1-dcache-load-misses:u} -t 1217947
benchmark-stdout:
scan work-sources=4 probe-sources=1 contention=none samples=1000000 warmup=1000000 caller-cpu=12 loop-cpu=14 requested-rt-priority=0 observed-loop-cpu=14 observed-policy=0 observed-priority=0 scheduler-error=0 rate=21707090.8/s p50=0.050us p90=0.050us p99=0.100us p99.9=0.101us max=7.734us control-submitted=0 control-completed=0 control-failed=0
benchmark-stderr:
perf-stdout:
perf-stderr:
Events disabled
Events enabled
Events disabled


$ /home/dgamroth/workspaces/codex/pipewire/pipewire/build/src/tests/pw-test-polling-data-loop --benchmark-scan 16 none 1000000 1000000 12 14 88 /tmp/pw-polling-profile-aagty2rg/l1d-sources16-rt88-rep1.csv
$ perf stat --no-big-num -x ; --output /home/dgamroth/workspaces/codex/pipewire/pipewire/doc/dox/internals/benchmark-data/polling-data-loop-pmu-2026-08-25-record/stat-l1d-sources16-rt88-rep1.csv --delay=-1 --control=fd:4,9 -e {cycles:u,instructions:u,L1-dcache-loads:u,L1-dcache-load-misses:u} -t 1217963
benchmark-stdout:
scan work-sources=16 probe-sources=1 contention=none samples=1000000 warmup=1000000 caller-cpu=12 loop-cpu=14 requested-rt-priority=88 observed-loop-cpu=14 observed-policy=1 observed-priority=88 scheduler-error=0 rate=16114677.5/s p50=0.060us p90=0.070us p99=0.071us p99.9=0.141us max=7.524us control-submitted=0 control-completed=0 control-failed=0
benchmark-stderr:
perf-stdout:
perf-stderr:
Events disabled
Events enabled
Events disabled


$ /home/dgamroth/workspaces/codex/pipewire/pipewire/build/src/tests/pw-test-polling-data-loop --benchmark-scan 0 none 1000000 1000000 12 14 0 /tmp/pw-polling-profile-aagty2rg/l2-sources0-rt0-rep1.csv
$ perf stat --no-big-num -x ; --output /home/dgamroth/workspaces/codex/pipewire/pipewire/doc/dox/internals/benchmark-data/polling-data-loop-pmu-2026-08-25-record/stat-l2-sources0-rt0-rep1.csv --delay=-1 --control=fd:4,9 -e {cycles:u,instructions:u,l2_request_g1.all_no_prefetch:u,l2_cache_req_stat.ic_dc_miss_in_l2:u} -t 1217973
benchmark-stdout:
scan work-sources=0 probe-sources=1 contention=none samples=1000000 warmup=1000000 caller-cpu=12 loop-cpu=14 requested-rt-priority=0 observed-loop-cpu=14 observed-policy=0 observed-priority=0 scheduler-error=0 rate=24093088.0/s p50=0.040us p90=0.041us p99=0.090us p99.9=0.100us max=6.702us control-submitted=0 control-completed=0 control-failed=0
benchmark-stderr:
perf-stdout:
perf-stderr:
Events disabled
Events enabled
Events disabled


$ /home/dgamroth/workspaces/codex/pipewire/pipewire/build/src/tests/pw-test-polling-data-loop --benchmark-scan 1 none 1000000 1000000 12 14 88 /tmp/pw-polling-profile-aagty2rg/core-sources1-rt88-rep1.csv
$ perf stat --no-big-num -x ; --output /home/dgamroth/workspaces/codex/pipewire/pipewire/doc/dox/internals/benchmark-data/polling-data-loop-pmu-2026-08-25-record/stat-core-sources1-rt88-rep1.csv --delay=-1 --control=fd:4,9 -e {cycles:u,instructions:u,branches:u,branch-misses:u} -t 1218065
benchmark-stdout:
scan work-sources=1 probe-sources=1 contention=none samples=1000000 warmup=1000000 caller-cpu=12 loop-cpu=14 requested-rt-priority=88 observed-loop-cpu=14 observed-policy=1 observed-priority=88 scheduler-error=0 rate=23277626.2/s p50=0.040us p90=0.050us p99=0.090us p99.9=0.101us max=13.766us control-submitted=0 control-completed=0 control-failed=0
benchmark-stderr:
perf-stdout:
perf-stderr:
Events disabled
Events enabled
Events disabled


$ /home/dgamroth/workspaces/codex/pipewire/pipewire/build/src/tests/pw-test-polling-data-loop --benchmark-scan 0 none 1000000 1000000 12 14 88 /tmp/pw-polling-profile-aagty2rg/dtlb-sources0-rt88-rep1.csv
$ perf stat --no-big-num -x ; --output /home/dgamroth/workspaces/codex/pipewire/pipewire/doc/dox/internals/benchmark-data/polling-data-loop-pmu-2026-08-25-record/stat-dtlb-sources0-rt88-rep1.csv --delay=-1 --control=fd:4,9 -e {cycles:u,instructions:u,l1_dtlb_misses:u,l2_dtlb_misses:u} -t 1218075
benchmark-stdout:
scan work-sources=0 probe-sources=1 contention=none samples=1000000 warmup=1000000 caller-cpu=12 loop-cpu=14 requested-rt-priority=88 observed-loop-cpu=14 observed-policy=1 observed-priority=88 scheduler-error=0 rate=23610598.9/s p50=0.040us p90=0.050us p99=0.090us p99.9=0.100us max=13.535us control-submitted=0 control-completed=0 control-failed=0
benchmark-stderr:
perf-stdout:
perf-stderr:
Events disabled
Events enabled
Events disabled


$ /home/dgamroth/workspaces/codex/pipewire/pipewire/build/src/tests/pw-test-polling-data-loop --benchmark-scan 4 none 1000000 1000000 12 14 88 /tmp/pw-polling-profile-aagty2rg/l1d-sources4-rt88-rep1.csv
$ perf stat --no-big-num -x ; --output /home/dgamroth/workspaces/codex/pipewire/pipewire/doc/dox/internals/benchmark-data/polling-data-loop-pmu-2026-08-25-record/stat-l1d-sources4-rt88-rep1.csv --delay=-1 --control=fd:4,9 -e {cycles:u,instructions:u,L1-dcache-loads:u,L1-dcache-load-misses:u} -t 1218091
benchmark-stdout:
scan work-sources=4 probe-sources=1 contention=none samples=1000000 warmup=1000000 caller-cpu=12 loop-cpu=14 requested-rt-priority=88 observed-loop-cpu=14 observed-policy=1 observed-priority=88 scheduler-error=0 rate=21849396.7/s p50=0.041us p90=0.050us p99=0.100us p99.9=0.101us max=6.983us control-submitted=0 control-completed=0 control-failed=0
benchmark-stderr:
perf-stdout:
perf-stderr:
Events disabled
Events enabled
Events disabled


$ /home/dgamroth/workspaces/codex/pipewire/pipewire/build/src/tests/pw-test-polling-data-loop --benchmark-scan 1 none 1000000 1000000 12 14 0 /tmp/pw-polling-profile-aagty2rg/l1d-sources1-rt0-rep1.csv
$ perf stat --no-big-num -x ; --output /home/dgamroth/workspaces/codex/pipewire/pipewire/doc/dox/internals/benchmark-data/polling-data-loop-pmu-2026-08-25-record/stat-l1d-sources1-rt0-rep1.csv --delay=-1 --control=fd:4,9 -e {cycles:u,instructions:u,L1-dcache-loads:u,L1-dcache-load-misses:u} -t 1218117
benchmark-stdout:
scan work-sources=1 probe-sources=1 contention=none samples=1000000 warmup=1000000 caller-cpu=12 loop-cpu=14 requested-rt-priority=0 observed-loop-cpu=14 observed-policy=0 observed-priority=0 scheduler-error=0 rate=23016862.0/s p50=0.040us p90=0.050us p99=0.070us p99.9=0.081us max=7.104us control-submitted=0 control-completed=0 control-failed=0
benchmark-stderr:
perf-stdout:
perf-stderr:
Events disabled
Events enabled
Events disabled


$ /home/dgamroth/workspaces/codex/pipewire/pipewire/build/src/tests/pw-test-polling-data-loop --benchmark-scan 64 none 1000000 1000000 12 14 0 /tmp/pw-polling-profile-aagty2rg/l1d-sources64-rt0-rep1.csv
$ perf stat --no-big-num -x ; --output /home/dgamroth/workspaces/codex/pipewire/pipewire/doc/dox/internals/benchmark-data/polling-data-loop-pmu-2026-08-25-record/stat-l1d-sources64-rt0-rep1.csv --delay=-1 --control=fd:4,9 -e {cycles:u,instructions:u,L1-dcache-loads:u,L1-dcache-load-misses:u} -t 1218130
benchmark-stdout:
scan work-sources=64 probe-sources=1 contention=none samples=1000000 warmup=1000000 caller-cpu=12 loop-cpu=14 requested-rt-priority=0 observed-loop-cpu=14 observed-policy=0 observed-priority=0 scheduler-error=0 rate=6605390.6/s p50=0.150us p90=0.151us p99=0.161us p99.9=0.331us max=7.143us control-submitted=0 control-completed=0 control-failed=0
benchmark-stderr:
perf-stdout:
perf-stderr:
Events disabled
Events enabled
Events disabled


$ /home/dgamroth/workspaces/codex/pipewire/pipewire/build/src/tests/pw-test-polling-data-loop --benchmark-scan 0 none 1000000 1000000 12 14 88 /tmp/pw-polling-profile-aagty2rg/core-sources0-rt88-rep1.csv
$ perf stat --no-big-num -x ; --output /home/dgamroth/workspaces/codex/pipewire/pipewire/doc/dox/internals/benchmark-data/polling-data-loop-pmu-2026-08-25-record/stat-core-sources0-rt88-rep1.csv --delay=-1 --control=fd:4,9 -e {cycles:u,instructions:u,branches:u,branch-misses:u} -t 1218184
benchmark-stdout:
scan work-sources=0 probe-sources=1 contention=none samples=1000000 warmup=1000000 caller-cpu=12 loop-cpu=14 requested-rt-priority=88 observed-loop-cpu=14 observed-policy=1 observed-priority=88 scheduler-error=0 rate=23796889.4/s p50=0.040us p90=0.050us p99=0.090us p99.9=0.091us max=40.867us control-submitted=0 control-completed=0 control-failed=0
benchmark-stderr:
perf-stdout:
perf-stderr:
Events disabled
Events enabled
Events disabled


$ /home/dgamroth/workspaces/codex/pipewire/pipewire/build/src/tests/pw-test-polling-data-loop --benchmark-scan 16 none 1000000 1000000 12 14 0 /tmp/pw-polling-profile-aagty2rg/dtlb-sources16-rt0-rep1.csv
$ perf stat --no-big-num -x ; --output /home/dgamroth/workspaces/codex/pipewire/pipewire/doc/dox/internals/benchmark-data/polling-data-loop-pmu-2026-08-25-record/stat-dtlb-sources16-rt0-rep1.csv --delay=-1 --control=fd:4,9 -e {cycles:u,instructions:u,l1_dtlb_misses:u,l2_dtlb_misses:u} -t 1218194
benchmark-stdout:
scan work-sources=16 probe-sources=1 contention=none samples=1000000 warmup=1000000 caller-cpu=12 loop-cpu=14 requested-rt-priority=0 observed-loop-cpu=14 observed-policy=0 observed-priority=0 scheduler-error=0 rate=15953195.6/s p50=0.060us p90=0.070us p99=0.130us p99.9=0.141us max=6.523us control-submitted=0 control-completed=0 control-failed=0
benchmark-stderr:
perf-stdout:
perf-stderr:
Events disabled
Events enabled
Events disabled


$ /home/dgamroth/workspaces/codex/pipewire/pipewire/build/src/tests/pw-test-polling-data-loop --benchmark-scan 1 none 1000000 1000000 12 14 88 /tmp/pw-polling-profile-aagty2rg/dtlb-sources1-rt88-rep1.csv
$ perf stat --no-big-num -x ; --output /home/dgamroth/workspaces/codex/pipewire/pipewire/doc/dox/internals/benchmark-data/polling-data-loop-pmu-2026-08-25-record/stat-dtlb-sources1-rt88-rep1.csv --delay=-1 --control=fd:4,9 -e {cycles:u,instructions:u,l1_dtlb_misses:u,l2_dtlb_misses:u} -t 1218207
benchmark-stdout:
scan work-sources=1 probe-sources=1 contention=none samples=1000000 warmup=1000000 caller-cpu=12 loop-cpu=14 requested-rt-priority=88 observed-loop-cpu=14 observed-policy=1 observed-priority=88 scheduler-error=0 rate=23395764.2/s p50=0.040us p90=0.050us p99=0.060us p99.9=0.071us max=6.061us control-submitted=0 control-completed=0 control-failed=0
benchmark-stderr:
perf-stdout:
perf-stderr:
Events disabled
Events enabled
Events disabled


$ /home/dgamroth/workspaces/codex/pipewire/pipewire/build/src/tests/pw-test-polling-data-loop --benchmark-scan 16 none 1000000 1000000 12 14 88 /tmp/pw-polling-profile-aagty2rg/faults-sources16-rt88-rep1.csv
$ perf stat --no-big-num -x ; --output /home/dgamroth/workspaces/codex/pipewire/pipewire/doc/dox/internals/benchmark-data/polling-data-loop-pmu-2026-08-25-record/stat-faults-sources16-rt88-rep1.csv --delay=-1 --control=fd:4,9 -e {page-faults,minor-faults,major-faults,context-switches,cpu-migrations} -t 1218235
benchmark-stdout:
scan work-sources=16 probe-sources=1 contention=none samples=1000000 warmup=1000000 caller-cpu=12 loop-cpu=14 requested-rt-priority=88 observed-loop-cpu=14 observed-policy=1 observed-priority=88 scheduler-error=0 rate=16178342.0/s p50=0.060us p90=0.070us p99=0.071us p99.9=0.140us max=11.531us control-submitted=0 control-completed=0 control-failed=0
benchmark-stderr:
perf-stdout:
perf-stderr:
Events disabled
Events enabled
Events disabled


$ /home/dgamroth/workspaces/codex/pipewire/pipewire/build/src/tests/pw-test-polling-data-loop --benchmark-scan 4 none 1000000 1000000 12 14 0 /tmp/pw-polling-profile-aagty2rg/faults-sources4-rt0-rep1.csv
$ perf stat --no-big-num -x ; --output /home/dgamroth/workspaces/codex/pipewire/pipewire/doc/dox/internals/benchmark-data/polling-data-loop-pmu-2026-08-25-record/stat-faults-sources4-rt0-rep1.csv --delay=-1 --control=fd:4,9 -e {page-faults,minor-faults,major-faults,context-switches,cpu-migrations} -t 1218245
benchmark-stdout:
scan work-sources=4 probe-sources=1 contention=none samples=1000000 warmup=1000000 caller-cpu=12 loop-cpu=14 requested-rt-priority=0 observed-loop-cpu=14 observed-policy=0 observed-priority=0 scheduler-error=0 rate=21967646.0/s p50=0.050us p90=0.050us p99=0.051us p99.9=0.100us max=183.915us control-submitted=0 control-completed=0 control-failed=0
benchmark-stderr:
perf-stdout:
perf-stderr:
Events disabled
Events enabled
Events disabled


$ /home/dgamroth/workspaces/codex/pipewire/pipewire/build/src/tests/pw-test-polling-data-loop --benchmark-scan 16 none 1000000 1000000 12 14 0 /tmp/pw-polling-profile-aagty2rg/faults-sources16-rt0-rep1.csv
$ perf stat --no-big-num -x ; --output /home/dgamroth/workspaces/codex/pipewire/pipewire/doc/dox/internals/benchmark-data/polling-data-loop-pmu-2026-08-25-record/stat-faults-sources16-rt0-rep1.csv --delay=-1 --control=fd:4,9 -e {page-faults,minor-faults,major-faults,context-switches,cpu-migrations} -t 1218261
benchmark-stdout:
scan work-sources=16 probe-sources=1 contention=none samples=1000000 warmup=1000000 caller-cpu=12 loop-cpu=14 requested-rt-priority=0 observed-loop-cpu=14 observed-policy=0 observed-priority=0 scheduler-error=0 rate=16039205.7/s p50=0.060us p90=0.070us p99=0.100us p99.9=0.141us max=7.043us control-submitted=0 control-completed=0 control-failed=0
benchmark-stderr:
perf-stdout:
perf-stderr:
Events disabled
Events enabled
Events disabled


$ /home/dgamroth/workspaces/codex/pipewire/pipewire/build/src/tests/pw-test-polling-data-loop --benchmark-scan 16 none 1000000 1000000 12 14 0 /tmp/pw-polling-profile-aagty2rg/core-sources16-rt0-rep1.csv
$ perf stat --no-big-num -x ; --output /home/dgamroth/workspaces/codex/pipewire/pipewire/doc/dox/internals/benchmark-data/polling-data-loop-pmu-2026-08-25-record/stat-core-sources16-rt0-rep1.csv --delay=-1 --control=fd:4,9 -e {cycles:u,instructions:u,branches:u,branch-misses:u} -t 1218304
benchmark-stdout:
scan work-sources=16 probe-sources=1 contention=none samples=1000000 warmup=1000000 caller-cpu=12 loop-cpu=14 requested-rt-priority=0 observed-loop-cpu=14 observed-policy=0 observed-priority=0 scheduler-error=0 rate=16076367.6/s p50=0.060us p90=0.070us p99=0.090us p99.9=0.140us max=12.233us control-submitted=0 control-completed=0 control-failed=0
benchmark-stderr:
perf-stdout:
perf-stderr:
Events disabled
Events enabled
Events disabled


$ /home/dgamroth/workspaces/codex/pipewire/pipewire/build/src/tests/pw-test-polling-data-loop --benchmark-scan 0 none 1000000 1000000 12 14 88 /tmp/pw-polling-profile-aagty2rg/l1d-sources0-rt88-rep1.csv
$ perf stat --no-big-num -x ; --output /home/dgamroth/workspaces/codex/pipewire/pipewire/doc/dox/internals/benchmark-data/polling-data-loop-pmu-2026-08-25-record/stat-l1d-sources0-rt88-rep1.csv --delay=-1 --control=fd:4,9 -e {cycles:u,instructions:u,L1-dcache-loads:u,L1-dcache-load-misses:u} -t 1218320
benchmark-stdout:
scan work-sources=0 probe-sources=1 contention=none samples=1000000 warmup=1000000 caller-cpu=12 loop-cpu=14 requested-rt-priority=88 observed-loop-cpu=14 observed-policy=1 observed-priority=88 scheduler-error=0 rate=24122959.7/s p50=0.040us p90=0.041us p99=0.090us p99.9=0.091us max=33.252us control-submitted=0 control-completed=0 control-failed=0
benchmark-stderr:
perf-stdout:
perf-stderr:
Events disabled
Events enabled
Events disabled


$ /home/dgamroth/workspaces/codex/pipewire/pipewire/build/src/tests/pw-test-polling-data-loop --benchmark-scan 4 none 1000000 1000000 12 14 88 /tmp/pw-polling-profile-aagty2rg/faults-sources4-rt88-rep1.csv
$ perf stat --no-big-num -x ; --output /home/dgamroth/workspaces/codex/pipewire/pipewire/doc/dox/internals/benchmark-data/polling-data-loop-pmu-2026-08-25-record/stat-faults-sources4-rt88-rep1.csv --delay=-1 --control=fd:4,9 -e {page-faults,minor-faults,major-faults,context-switches,cpu-migrations} -t 1218355
benchmark-stdout:
scan work-sources=4 probe-sources=1 contention=none samples=1000000 warmup=1000000 caller-cpu=12 loop-cpu=14 requested-rt-priority=88 observed-loop-cpu=14 observed-policy=1 observed-priority=88 scheduler-error=0 rate=21835707.4/s p50=0.050us p90=0.050us p99=0.051us p99.9=0.101us max=14.327us control-submitted=0 control-completed=0 control-failed=0
benchmark-stderr:
perf-stdout:
perf-stderr:
Events disabled
Events enabled
Events disabled


$ /home/dgamroth/workspaces/codex/pipewire/pipewire/build/src/tests/pw-test-polling-data-loop --benchmark-scan 4 none 1000000 1000000 12 14 88 /tmp/pw-polling-profile-aagty2rg/l2-sources4-rt88-rep1.csv
$ perf stat --no-big-num -x ; --output /home/dgamroth/workspaces/codex/pipewire/pipewire/doc/dox/internals/benchmark-data/polling-data-loop-pmu-2026-08-25-record/stat-l2-sources4-rt88-rep1.csv --delay=-1 --control=fd:4,9 -e {cycles:u,instructions:u,l2_request_g1.all_no_prefetch:u,l2_cache_req_stat.ic_dc_miss_in_l2:u} -t 1218388
benchmark-stdout:
scan work-sources=4 probe-sources=1 contention=none samples=1000000 warmup=1000000 caller-cpu=12 loop-cpu=14 requested-rt-priority=88 observed-loop-cpu=14 observed-policy=1 observed-priority=88 scheduler-error=0 rate=21847216.2/s p50=0.050us p90=0.050us p99=0.070us p99.9=0.101us max=31.659us control-submitted=0 control-completed=0 control-failed=0
benchmark-stderr:
perf-stdout:
perf-stderr:
Events disabled
Events enabled
Events disabled


$ /home/dgamroth/workspaces/codex/pipewire/pipewire/build/src/tests/pw-test-polling-data-loop --benchmark-scan 16 none 1000000 1000000 12 14 88 /tmp/pw-polling-profile-aagty2rg/core-sources16-rt88-rep1.csv
$ perf stat --no-big-num -x ; --output /home/dgamroth/workspaces/codex/pipewire/pipewire/doc/dox/internals/benchmark-data/polling-data-loop-pmu-2026-08-25-record/stat-core-sources16-rt88-rep1.csv --delay=-1 --control=fd:4,9 -e {cycles:u,instructions:u,branches:u,branch-misses:u} -t 1218426
benchmark-stdout:
scan work-sources=16 probe-sources=1 contention=none samples=1000000 warmup=1000000 caller-cpu=12 loop-cpu=14 requested-rt-priority=88 observed-loop-cpu=14 observed-policy=1 observed-priority=88 scheduler-error=0 rate=15049060.9/s p50=0.061us p90=0.070us p99=0.140us p99.9=0.151us max=12.734us control-submitted=0 control-completed=0 control-failed=0
benchmark-stderr:
perf-stdout:
perf-stderr:
Events disabled
Events enabled
Events disabled


$ /home/dgamroth/workspaces/codex/pipewire/pipewire/build/src/tests/pw-test-polling-data-loop --benchmark-scan 64 none 1000000 1000000 12 14 0 /tmp/pw-polling-profile-aagty2rg/core-sources64-rt0-rep1.csv
$ perf stat --no-big-num -x ; --output /home/dgamroth/workspaces/codex/pipewire/pipewire/doc/dox/internals/benchmark-data/polling-data-loop-pmu-2026-08-25-record/stat-core-sources64-rt0-rep1.csv --delay=-1 --control=fd:4,9 -e {cycles:u,instructions:u,branches:u,branch-misses:u} -t 1218464
benchmark-stdout:
scan work-sources=64 probe-sources=1 contention=none samples=1000000 warmup=1000000 caller-cpu=12 loop-cpu=14 requested-rt-priority=0 observed-loop-cpu=14 observed-policy=0 observed-priority=0 scheduler-error=0 rate=6520368.6/s p50=0.150us p90=0.161us p99=0.171us p99.9=0.211us max=10.439us control-submitted=0 control-completed=0 control-failed=0
benchmark-stderr:
perf-stdout:
perf-stderr:
Events disabled
Events enabled
Events disabled


$ /home/dgamroth/workspaces/codex/pipewire/pipewire/build/src/tests/pw-test-polling-data-loop --benchmark-scan 1 none 1000000 1000000 12 14 88 /tmp/pw-polling-profile-aagty2rg/l1d-sources1-rt88-rep1.csv
$ perf stat --no-big-num -x ; --output /home/dgamroth/workspaces/codex/pipewire/pipewire/doc/dox/internals/benchmark-data/polling-data-loop-pmu-2026-08-25-record/stat-l1d-sources1-rt88-rep1.csv --delay=-1 --control=fd:4,9 -e {cycles:u,instructions:u,L1-dcache-loads:u,L1-dcache-load-misses:u} -t 1218468
benchmark-stdout:
scan work-sources=1 probe-sources=1 contention=none samples=1000000 warmup=1000000 caller-cpu=12 loop-cpu=14 requested-rt-priority=88 observed-loop-cpu=14 observed-policy=1 observed-priority=88 scheduler-error=0 rate=23550822.0/s p50=0.040us p90=0.050us p99=0.061us p99.9=0.100us max=11.942us control-submitted=0 control-completed=0 control-failed=0
benchmark-stderr:
perf-stdout:
perf-stderr:
Events disabled
Events enabled
Events disabled


$ /home/dgamroth/workspaces/codex/pipewire/pipewire/build/src/tests/pw-test-polling-data-loop --benchmark-scan 1 none 1000000 1000000 12 14 0 /tmp/pw-polling-profile-aagty2rg/dtlb-sources1-rt0-rep1.csv
$ perf stat --no-big-num -x ; --output /home/dgamroth/workspaces/codex/pipewire/pipewire/doc/dox/internals/benchmark-data/polling-data-loop-pmu-2026-08-25-record/stat-dtlb-sources1-rt0-rep1.csv --delay=-1 --control=fd:4,9 -e {cycles:u,instructions:u,l1_dtlb_misses:u,l2_dtlb_misses:u} -t 1218488
benchmark-stdout:
scan work-sources=1 probe-sources=1 contention=none samples=1000000 warmup=1000000 caller-cpu=12 loop-cpu=14 requested-rt-priority=0 observed-loop-cpu=14 observed-policy=0 observed-priority=0 scheduler-error=0 rate=23054747.1/s p50=0.040us p90=0.050us p99=0.080us p99.9=0.091us max=10.159us control-submitted=0 control-completed=0 control-failed=0
benchmark-stderr:
perf-stdout:
perf-stderr:
Events disabled
Events enabled
Events disabled


$ /home/dgamroth/workspaces/codex/pipewire/pipewire/build/src/tests/pw-test-polling-data-loop --benchmark-scan 64 none 1000000 1000000 12 14 88 /tmp/pw-polling-profile-aagty2rg/core-sources64-rt88-rep1.csv
$ perf stat --no-big-num -x ; --output /home/dgamroth/workspaces/codex/pipewire/pipewire/doc/dox/internals/benchmark-data/polling-data-loop-pmu-2026-08-25-record/stat-core-sources64-rt88-rep1.csv --delay=-1 --control=fd:4,9 -e {cycles:u,instructions:u,branches:u,branch-misses:u} -t 1218510
benchmark-stdout:
scan work-sources=64 probe-sources=1 contention=none samples=1000000 warmup=1000000 caller-cpu=12 loop-cpu=14 requested-rt-priority=88 observed-loop-cpu=14 observed-policy=1 observed-priority=88 scheduler-error=0 rate=6402884.5/s p50=0.151us p90=0.161us p99=0.191us p99.9=0.341us max=18.054us control-submitted=0 control-completed=0 control-failed=0
benchmark-stderr:
perf-stdout:
perf-stderr:
Events disabled
Events enabled
Events disabled


$ /home/dgamroth/workspaces/codex/pipewire/pipewire/build/src/tests/pw-test-polling-data-loop --benchmark-scan 64 none 1000000 1000000 12 14 88 /tmp/pw-polling-profile-aagty2rg/l1d-sources64-rt88-rep1.csv
$ perf stat --no-big-num -x ; --output /home/dgamroth/workspaces/codex/pipewire/pipewire/doc/dox/internals/benchmark-data/polling-data-loop-pmu-2026-08-25-record/stat-l1d-sources64-rt88-rep1.csv --delay=-1 --control=fd:4,9 -e {cycles:u,instructions:u,L1-dcache-loads:u,L1-dcache-load-misses:u} -t 1218526
benchmark-stdout:
scan work-sources=64 probe-sources=1 contention=none samples=1000000 warmup=1000000 caller-cpu=12 loop-cpu=14 requested-rt-priority=88 observed-loop-cpu=14 observed-policy=1 observed-priority=88 scheduler-error=0 rate=6509943.9/s p50=0.150us p90=0.160us p99=0.210us p99.9=0.321us max=6.963us control-submitted=0 control-completed=0 control-failed=0
benchmark-stderr:
perf-stdout:
perf-stderr:
Events disabled
Events enabled
Events disabled


$ /home/dgamroth/workspaces/codex/pipewire/pipewire/build/src/tests/pw-test-polling-data-loop --benchmark-scan 0 none 1000000 1000000 12 14 0 /tmp/pw-polling-profile-aagty2rg/faults-sources0-rt0-rep1.csv
$ perf stat --no-big-num -x ; --output /home/dgamroth/workspaces/codex/pipewire/pipewire/doc/dox/internals/benchmark-data/polling-data-loop-pmu-2026-08-25-record/stat-faults-sources0-rt0-rep1.csv --delay=-1 --control=fd:4,9 -e {page-faults,minor-faults,major-faults,context-switches,cpu-migrations} -t 1218555
benchmark-stdout:
scan work-sources=0 probe-sources=1 contention=none samples=1000000 warmup=1000000 caller-cpu=12 loop-cpu=14 requested-rt-priority=0 observed-loop-cpu=14 observed-policy=0 observed-priority=0 scheduler-error=0 rate=23899997.2/s p50=0.040us p90=0.050us p99=0.090us p99.9=0.091us max=7.534us control-submitted=0 control-completed=0 control-failed=0
benchmark-stderr:
perf-stdout:
perf-stderr:
Events disabled
Events enabled
Events disabled


$ /home/dgamroth/workspaces/codex/pipewire/pipewire/build/src/tests/pw-test-polling-data-loop --benchmark-scan 4 none 1000000 1000000 12 14 0 /tmp/pw-polling-profile-aagty2rg/core-sources4-rt0-rep1.csv
$ perf stat --no-big-num -x ; --output /home/dgamroth/workspaces/codex/pipewire/pipewire/doc/dox/internals/benchmark-data/polling-data-loop-pmu-2026-08-25-record/stat-core-sources4-rt0-rep1.csv --delay=-1 --control=fd:4,9 -e {cycles:u,instructions:u,branches:u,branch-misses:u} -t 1218567
benchmark-stdout:
scan work-sources=4 probe-sources=1 contention=none samples=1000000 warmup=1000000 caller-cpu=12 loop-cpu=14 requested-rt-priority=0 observed-loop-cpu=14 observed-policy=0 observed-priority=0 scheduler-error=0 rate=21549258.5/s p50=0.050us p90=0.050us p99=0.100us p99.9=0.101us max=11.041us control-submitted=0 control-completed=0 control-failed=0
benchmark-stderr:
perf-stdout:
perf-stderr:
Events disabled
Events enabled
Events disabled


$ /home/dgamroth/workspaces/codex/pipewire/pipewire/build/src/tests/pw-test-polling-data-loop --benchmark-scan 1 none 1000000 1000000 12 14 0 /tmp/pw-polling-profile-aagty2rg/core-sources1-rt0-rep1.csv
$ perf stat --no-big-num -x ; --output /home/dgamroth/workspaces/codex/pipewire/pipewire/doc/dox/internals/benchmark-data/polling-data-loop-pmu-2026-08-25-record/stat-core-sources1-rt0-rep1.csv --delay=-1 --control=fd:4,9 -e {cycles:u,instructions:u,branches:u,branch-misses:u} -t 1218583
benchmark-stdout:
scan work-sources=1 probe-sources=1 contention=none samples=1000000 warmup=1000000 caller-cpu=12 loop-cpu=14 requested-rt-priority=0 observed-loop-cpu=14 observed-policy=0 observed-priority=0 scheduler-error=0 rate=23088589.7/s p50=0.040us p90=0.050us p99=0.090us p99.9=0.101us max=7.194us control-submitted=0 control-completed=0 control-failed=0
benchmark-stderr:
perf-stdout:
perf-stderr:
Events disabled
Events enabled
Events disabled


$ /home/dgamroth/workspaces/codex/pipewire/pipewire/build/src/tests/pw-test-polling-data-loop --benchmark-scan 64 none 1000000 1000000 12 14 0 /tmp/pw-polling-profile-aagty2rg/dtlb-sources64-rt0-rep1.csv
$ perf stat --no-big-num -x ; --output /home/dgamroth/workspaces/codex/pipewire/pipewire/doc/dox/internals/benchmark-data/polling-data-loop-pmu-2026-08-25-record/stat-dtlb-sources64-rt0-rep1.csv --delay=-1 --control=fd:4,9 -e {cycles:u,instructions:u,l1_dtlb_misses:u,l2_dtlb_misses:u} -t 1218609
benchmark-stdout:
scan work-sources=64 probe-sources=1 contention=none samples=1000000 warmup=1000000 caller-cpu=12 loop-cpu=14 requested-rt-priority=0 observed-loop-cpu=14 observed-policy=0 observed-priority=0 scheduler-error=0 rate=6466913.2/s p50=0.150us p90=0.161us p99=0.171us p99.9=0.331us max=23.093us control-submitted=0 control-completed=0 control-failed=0
benchmark-stderr:
perf-stdout:
perf-stderr:
Events disabled
Events enabled
Events disabled


$ /home/dgamroth/workspaces/codex/pipewire/pipewire/build/src/tests/pw-test-polling-data-loop --benchmark-scan 4 none 1000000 1000000 12 14 0 /tmp/pw-polling-profile-aagty2rg/dtlb-sources4-rt0-rep1.csv
$ perf stat --no-big-num -x ; --output /home/dgamroth/workspaces/codex/pipewire/pipewire/doc/dox/internals/benchmark-data/polling-data-loop-pmu-2026-08-25-record/stat-dtlb-sources4-rt0-rep1.csv --delay=-1 --control=fd:4,9 -e {cycles:u,instructions:u,l1_dtlb_misses:u,l2_dtlb_misses:u} -t 1218625
benchmark-stdout:
scan work-sources=4 probe-sources=1 contention=none samples=1000000 warmup=1000000 caller-cpu=12 loop-cpu=14 requested-rt-priority=0 observed-loop-cpu=14 observed-policy=0 observed-priority=0 scheduler-error=0 rate=21709215.1/s p50=0.050us p90=0.050us p99=0.100us p99.9=0.110us max=14.938us control-submitted=0 control-completed=0 control-failed=0
benchmark-stderr:
perf-stdout:
perf-stderr:
Events disabled
Events enabled
Events disabled


$ /home/dgamroth/workspaces/codex/pipewire/pipewire/build/src/tests/pw-test-polling-data-loop --benchmark-scan 0 none 1000000 1000000 12 14 0 /tmp/pw-polling-profile-aagty2rg/dtlb-sources0-rt0-rep1.csv
$ perf stat --no-big-num -x ; --output /home/dgamroth/workspaces/codex/pipewire/pipewire/doc/dox/internals/benchmark-data/polling-data-loop-pmu-2026-08-25-record/stat-dtlb-sources0-rt0-rep1.csv --delay=-1 --control=fd:4,9 -e {cycles:u,instructions:u,l1_dtlb_misses:u,l2_dtlb_misses:u} -t 1218651
benchmark-stdout:
scan work-sources=0 probe-sources=1 contention=none samples=1000000 warmup=1000000 caller-cpu=12 loop-cpu=14 requested-rt-priority=0 observed-loop-cpu=14 observed-policy=0 observed-priority=0 scheduler-error=0 rate=24044856.5/s p50=0.040us p90=0.041us p99=0.090us p99.9=0.100us max=13.636us control-submitted=0 control-completed=0 control-failed=0
benchmark-stderr:
perf-stdout:
perf-stderr:
Events disabled
Events enabled
Events disabled


$ /home/dgamroth/workspaces/codex/pipewire/pipewire/build/src/tests/pw-test-polling-data-loop --benchmark-scan 4 none 1000000 1000000 12 14 88 /tmp/pw-polling-profile-aagty2rg/dtlb-sources4-rt88-rep2.csv
$ perf stat --no-big-num -x ; --output /home/dgamroth/workspaces/codex/pipewire/pipewire/doc/dox/internals/benchmark-data/polling-data-loop-pmu-2026-08-25-record/stat-dtlb-sources4-rt88-rep2.csv --delay=-1 --control=fd:4,9 -e {cycles:u,instructions:u,l1_dtlb_misses:u,l2_dtlb_misses:u} -t 1218668
benchmark-stdout:
scan work-sources=4 probe-sources=1 contention=none samples=1000000 warmup=1000000 caller-cpu=12 loop-cpu=14 requested-rt-priority=88 observed-loop-cpu=14 observed-policy=1 observed-priority=88 scheduler-error=0 rate=21999883.6/s p50=0.041us p90=0.050us p99=0.051us p99.9=0.101us max=6.282us control-submitted=0 control-completed=0 control-failed=0
benchmark-stderr:
perf-stdout:
perf-stderr:
Events disabled
Events enabled
Events disabled


$ /home/dgamroth/workspaces/codex/pipewire/pipewire/build/src/tests/pw-test-polling-data-loop --benchmark-scan 0 none 1000000 1000000 12 14 0 /tmp/pw-polling-profile-aagty2rg/l1d-sources0-rt0-rep2.csv
$ perf stat --no-big-num -x ; --output /home/dgamroth/workspaces/codex/pipewire/pipewire/doc/dox/internals/benchmark-data/polling-data-loop-pmu-2026-08-25-record/stat-l1d-sources0-rt0-rep2.csv --delay=-1 --control=fd:4,9 -e {cycles:u,instructions:u,L1-dcache-loads:u,L1-dcache-load-misses:u} -t 1218673
benchmark-stdout:
scan work-sources=0 probe-sources=1 contention=none samples=1000000 warmup=1000000 caller-cpu=12 loop-cpu=14 requested-rt-priority=0 observed-loop-cpu=14 observed-policy=0 observed-priority=0 scheduler-error=0 rate=23830786.0/s p50=0.040us p90=0.050us p99=0.080us p99.9=0.081us max=189.385us control-submitted=0 control-completed=0 control-failed=0
benchmark-stderr:
perf-stdout:
perf-stderr:
Events disabled
Events enabled
Events disabled


$ /home/dgamroth/workspaces/codex/pipewire/pipewire/build/src/tests/pw-test-polling-data-loop --benchmark-scan 0 none 1000000 1000000 12 14 0 /tmp/pw-polling-profile-aagty2rg/dtlb-sources0-rt0-rep2.csv
$ perf stat --no-big-num -x ; --output /home/dgamroth/workspaces/codex/pipewire/pipewire/doc/dox/internals/benchmark-data/polling-data-loop-pmu-2026-08-25-record/stat-dtlb-sources0-rt0-rep2.csv --delay=-1 --control=fd:4,9 -e {cycles:u,instructions:u,l1_dtlb_misses:u,l2_dtlb_misses:u} -t 1218728
benchmark-stdout:
scan work-sources=0 probe-sources=1 contention=none samples=1000000 warmup=1000000 caller-cpu=12 loop-cpu=14 requested-rt-priority=0 observed-loop-cpu=14 observed-policy=0 observed-priority=0 scheduler-error=0 rate=23912726.0/s p50=0.040us p90=0.050us p99=0.060us p99.9=0.091us max=6.502us control-submitted=0 control-completed=0 control-failed=0
benchmark-stderr:
perf-stdout:
perf-stderr:
Events disabled
Events enabled
Events disabled


$ /home/dgamroth/workspaces/codex/pipewire/pipewire/build/src/tests/pw-test-polling-data-loop --benchmark-scan 0 none 1000000 1000000 12 14 88 /tmp/pw-polling-profile-aagty2rg/dtlb-sources0-rt88-rep2.csv
$ perf stat --no-big-num -x ; --output /home/dgamroth/workspaces/codex/pipewire/pipewire/doc/dox/internals/benchmark-data/polling-data-loop-pmu-2026-08-25-record/stat-dtlb-sources0-rt88-rep2.csv --delay=-1 --control=fd:4,9 -e {cycles:u,instructions:u,l1_dtlb_misses:u,l2_dtlb_misses:u} -t 1218733
benchmark-stdout:
scan work-sources=0 probe-sources=1 contention=none samples=1000000 warmup=1000000 caller-cpu=12 loop-cpu=14 requested-rt-priority=88 observed-loop-cpu=14 observed-policy=1 observed-priority=88 scheduler-error=0 rate=23758111.8/s p50=0.040us p90=0.050us p99=0.090us p99.9=0.091us max=11.672us control-submitted=0 control-completed=0 control-failed=0
benchmark-stderr:
perf-stdout:
perf-stderr:
Events disabled
Events enabled
Events disabled


$ /home/dgamroth/workspaces/codex/pipewire/pipewire/build/src/tests/pw-test-polling-data-loop --benchmark-scan 4 none 1000000 1000000 12 14 0 /tmp/pw-polling-profile-aagty2rg/core-sources4-rt0-rep2.csv
$ perf stat --no-big-num -x ; --output /home/dgamroth/workspaces/codex/pipewire/pipewire/doc/dox/internals/benchmark-data/polling-data-loop-pmu-2026-08-25-record/stat-core-sources4-rt0-rep2.csv --delay=-1 --control=fd:4,9 -e {cycles:u,instructions:u,branches:u,branch-misses:u} -t 1218749
benchmark-stdout:
scan work-sources=4 probe-sources=1 contention=none samples=1000000 warmup=1000000 caller-cpu=12 loop-cpu=14 requested-rt-priority=0 observed-loop-cpu=14 observed-policy=0 observed-priority=0 scheduler-error=0 rate=20933518.1/s p50=0.050us p90=0.051us p99=0.081us p99.9=0.111us max=8.796us control-submitted=0 control-completed=0 control-failed=0
benchmark-stderr:
perf-stdout:
perf-stderr:
Events disabled
Events enabled
Events disabled


$ /home/dgamroth/workspaces/codex/pipewire/pipewire/build/src/tests/pw-test-polling-data-loop --benchmark-scan 16 none 1000000 1000000 12 14 88 /tmp/pw-polling-profile-aagty2rg/dtlb-sources16-rt88-rep2.csv
$ perf stat --no-big-num -x ; --output /home/dgamroth/workspaces/codex/pipewire/pipewire/doc/dox/internals/benchmark-data/polling-data-loop-pmu-2026-08-25-record/stat-dtlb-sources16-rt88-rep2.csv --delay=-1 --control=fd:4,9 -e {cycles:u,instructions:u,l1_dtlb_misses:u,l2_dtlb_misses:u} -t 1218775
benchmark-stdout:
scan work-sources=16 probe-sources=1 contention=none samples=1000000 warmup=1000000 caller-cpu=12 loop-cpu=14 requested-rt-priority=88 observed-loop-cpu=14 observed-policy=1 observed-priority=88 scheduler-error=0 rate=16041778.4/s p50=0.060us p90=0.070us p99=0.130us p99.9=0.141us max=11.151us control-submitted=0 control-completed=0 control-failed=0
benchmark-stderr:
perf-stdout:
perf-stderr:
Events disabled
Events enabled
Events disabled


$ /home/dgamroth/workspaces/codex/pipewire/pipewire/build/src/tests/pw-test-polling-data-loop --benchmark-scan 16 none 1000000 1000000 12 14 88 /tmp/pw-polling-profile-aagty2rg/core-sources16-rt88-rep2.csv
$ perf stat --no-big-num -x ; --output /home/dgamroth/workspaces/codex/pipewire/pipewire/doc/dox/internals/benchmark-data/polling-data-loop-pmu-2026-08-25-record/stat-core-sources16-rt88-rep2.csv --delay=-1 --control=fd:4,9 -e {cycles:u,instructions:u,branches:u,branch-misses:u} -t 1218821
benchmark-stdout:
scan work-sources=16 probe-sources=1 contention=none samples=1000000 warmup=1000000 caller-cpu=12 loop-cpu=14 requested-rt-priority=88 observed-loop-cpu=14 observed-policy=1 observed-priority=88 scheduler-error=0 rate=15885000.0/s p50=0.060us p90=0.070us p99=0.071us p99.9=0.141us max=36.940us control-submitted=0 control-completed=0 control-failed=0
benchmark-stderr:
perf-stdout:
perf-stderr:
Events disabled
Events enabled
Events disabled


$ /home/dgamroth/workspaces/codex/pipewire/pipewire/build/src/tests/pw-test-polling-data-loop --benchmark-scan 1 none 1000000 1000000 12 14 0 /tmp/pw-polling-profile-aagty2rg/l1d-sources1-rt0-rep2.csv
$ perf stat --no-big-num -x ; --output /home/dgamroth/workspaces/codex/pipewire/pipewire/doc/dox/internals/benchmark-data/polling-data-loop-pmu-2026-08-25-record/stat-l1d-sources1-rt0-rep2.csv --delay=-1 --control=fd:4,9 -e {cycles:u,instructions:u,L1-dcache-loads:u,L1-dcache-load-misses:u} -t 1218847
benchmark-stdout:
scan work-sources=1 probe-sources=1 contention=none samples=1000000 warmup=1000000 caller-cpu=12 loop-cpu=14 requested-rt-priority=0 observed-loop-cpu=14 observed-policy=0 observed-priority=0 scheduler-error=0 rate=23593977.7/s p50=0.040us p90=0.050us p99=0.090us p99.9=0.100us max=13.686us control-submitted=0 control-completed=0 control-failed=0
benchmark-stderr:
perf-stdout:
perf-stderr:
Events disabled
Events enabled
Events disabled


$ /home/dgamroth/workspaces/codex/pipewire/pipewire/build/src/tests/pw-test-polling-data-loop --benchmark-scan 4 none 1000000 1000000 12 14 0 /tmp/pw-polling-profile-aagty2rg/dtlb-sources4-rt0-rep2.csv
$ perf stat --no-big-num -x ; --output /home/dgamroth/workspaces/codex/pipewire/pipewire/doc/dox/internals/benchmark-data/polling-data-loop-pmu-2026-08-25-record/stat-dtlb-sources4-rt0-rep2.csv --delay=-1 --control=fd:4,9 -e {cycles:u,instructions:u,l1_dtlb_misses:u,l2_dtlb_misses:u} -t 1218863
benchmark-stdout:
scan work-sources=4 probe-sources=1 contention=none samples=1000000 warmup=1000000 caller-cpu=12 loop-cpu=14 requested-rt-priority=0 observed-loop-cpu=14 observed-policy=0 observed-priority=0 scheduler-error=0 rate=21658077.0/s p50=0.050us p90=0.050us p99=0.100us p99.9=0.101us max=13.936us control-submitted=0 control-completed=0 control-failed=0
benchmark-stderr:
perf-stdout:
perf-stderr:
Events disabled
Events enabled
Events disabled


$ /home/dgamroth/workspaces/codex/pipewire/pipewire/build/src/tests/pw-test-polling-data-loop --benchmark-scan 0 none 1000000 1000000 12 14 88 /tmp/pw-polling-profile-aagty2rg/l2-sources0-rt88-rep2.csv
$ perf stat --no-big-num -x ; --output /home/dgamroth/workspaces/codex/pipewire/pipewire/doc/dox/internals/benchmark-data/polling-data-loop-pmu-2026-08-25-record/stat-l2-sources0-rt88-rep2.csv --delay=-1 --control=fd:4,9 -e {cycles:u,instructions:u,l2_request_g1.all_no_prefetch:u,l2_cache_req_stat.ic_dc_miss_in_l2:u} -t 1218889
benchmark-stdout:
scan work-sources=0 probe-sources=1 contention=none samples=1000000 warmup=1000000 caller-cpu=12 loop-cpu=14 requested-rt-priority=88 observed-loop-cpu=14 observed-policy=1 observed-priority=88 scheduler-error=0 rate=23955316.4/s p50=0.040us p90=0.050us p99=0.061us p99.9=0.091us max=4.699us control-submitted=0 control-completed=0 control-failed=0
benchmark-stderr:
perf-stdout:
perf-stderr:
Events disabled
Events enabled
Events disabled


$ /home/dgamroth/workspaces/codex/pipewire/pipewire/build/src/tests/pw-test-polling-data-loop --benchmark-scan 4 none 1000000 1000000 12 14 0 /tmp/pw-polling-profile-aagty2rg/faults-sources4-rt0-rep2.csv
$ perf stat --no-big-num -x ; --output /home/dgamroth/workspaces/codex/pipewire/pipewire/doc/dox/internals/benchmark-data/polling-data-loop-pmu-2026-08-25-record/stat-faults-sources4-rt0-rep2.csv --delay=-1 --control=fd:4,9 -e {page-faults,minor-faults,major-faults,context-switches,cpu-migrations} -t 1218918
benchmark-stdout:
scan work-sources=4 probe-sources=1 contention=none samples=1000000 warmup=1000000 caller-cpu=12 loop-cpu=14 requested-rt-priority=0 observed-loop-cpu=14 observed-policy=0 observed-priority=0 scheduler-error=0 rate=21620831.1/s p50=0.050us p90=0.050us p99=0.070us p99.9=0.091us max=8.546us control-submitted=0 control-completed=0 control-failed=0
benchmark-stderr:
perf-stdout:
perf-stderr:
Events disabled
Events enabled
Events disabled


$ /home/dgamroth/workspaces/codex/pipewire/pipewire/build/src/tests/pw-test-polling-data-loop --benchmark-scan 64 none 1000000 1000000 12 14 0 /tmp/pw-polling-profile-aagty2rg/l2-sources64-rt0-rep2.csv
$ perf stat --no-big-num -x ; --output /home/dgamroth/workspaces/codex/pipewire/pipewire/doc/dox/internals/benchmark-data/polling-data-loop-pmu-2026-08-25-record/stat-l2-sources64-rt0-rep2.csv --delay=-1 --control=fd:4,9 -e {cycles:u,instructions:u,l2_request_g1.all_no_prefetch:u,l2_cache_req_stat.ic_dc_miss_in_l2:u} -t 1218931
benchmark-stdout:
scan work-sources=64 probe-sources=1 contention=none samples=1000000 warmup=1000000 caller-cpu=12 loop-cpu=14 requested-rt-priority=0 observed-loop-cpu=14 observed-policy=0 observed-priority=0 scheduler-error=0 rate=6555901.0/s p50=0.150us p90=0.160us p99=0.161us p99.9=0.361us max=13.064us control-submitted=0 control-completed=0 control-failed=0
benchmark-stderr:
perf-stdout:
perf-stderr:
Events disabled
Events enabled
Events disabled


$ /home/dgamroth/workspaces/codex/pipewire/pipewire/build/src/tests/pw-test-polling-data-loop --benchmark-scan 4 none 1000000 1000000 12 14 88 /tmp/pw-polling-profile-aagty2rg/core-sources4-rt88-rep2.csv
$ perf stat --no-big-num -x ; --output /home/dgamroth/workspaces/codex/pipewire/pipewire/doc/dox/internals/benchmark-data/polling-data-loop-pmu-2026-08-25-record/stat-core-sources4-rt88-rep2.csv --delay=-1 --control=fd:4,9 -e {cycles:u,instructions:u,branches:u,branch-misses:u} -t 1218942
benchmark-stdout:
scan work-sources=4 probe-sources=1 contention=none samples=1000000 warmup=1000000 caller-cpu=12 loop-cpu=14 requested-rt-priority=88 observed-loop-cpu=14 observed-policy=1 observed-priority=88 scheduler-error=0 rate=21973575.1/s p50=0.050us p90=0.050us p99=0.070us p99.9=0.080us max=19.867us control-submitted=0 control-completed=0 control-failed=0
benchmark-stderr:
perf-stdout:
perf-stderr:
Events disabled
Events enabled
Events disabled


$ /home/dgamroth/workspaces/codex/pipewire/pipewire/build/src/tests/pw-test-polling-data-loop --benchmark-scan 1 none 1000000 1000000 12 14 88 /tmp/pw-polling-profile-aagty2rg/faults-sources1-rt88-rep2.csv
$ perf stat --no-big-num -x ; --output /home/dgamroth/workspaces/codex/pipewire/pipewire/doc/dox/internals/benchmark-data/polling-data-loop-pmu-2026-08-25-record/stat-faults-sources1-rt88-rep2.csv --delay=-1 --control=fd:4,9 -e {page-faults,minor-faults,major-faults,context-switches,cpu-migrations} -t 1218994
benchmark-stdout:
scan work-sources=1 probe-sources=1 contention=none samples=1000000 warmup=1000000 caller-cpu=12 loop-cpu=14 requested-rt-priority=88 observed-loop-cpu=14 observed-policy=1 observed-priority=88 scheduler-error=0 rate=23404102.3/s p50=0.040us p90=0.050us p99=0.081us p99.9=0.100us max=10.400us control-submitted=0 control-completed=0 control-failed=0
benchmark-stderr:
perf-stdout:
perf-stderr:
Events disabled
Events enabled
Events disabled


$ /home/dgamroth/workspaces/codex/pipewire/pipewire/build/src/tests/pw-test-polling-data-loop --benchmark-scan 64 none 1000000 1000000 12 14 0 /tmp/pw-polling-profile-aagty2rg/dtlb-sources64-rt0-rep2.csv
$ perf stat --no-big-num -x ; --output /home/dgamroth/workspaces/codex/pipewire/pipewire/doc/dox/internals/benchmark-data/polling-data-loop-pmu-2026-08-25-record/stat-dtlb-sources64-rt0-rep2.csv --delay=-1 --control=fd:4,9 -e {cycles:u,instructions:u,l1_dtlb_misses:u,l2_dtlb_misses:u} -t 1219004
benchmark-stdout:
scan work-sources=64 probe-sources=1 contention=none samples=1000000 warmup=1000000 caller-cpu=12 loop-cpu=14 requested-rt-priority=0 observed-loop-cpu=14 observed-policy=0 observed-priority=0 scheduler-error=0 rate=6553465.2/s p50=0.150us p90=0.160us p99=0.171us p99.9=0.331us max=21.040us control-submitted=0 control-completed=0 control-failed=0
benchmark-stderr:
perf-stdout:
perf-stderr:
Events disabled
Events enabled
Events disabled


$ /home/dgamroth/workspaces/codex/pipewire/pipewire/build/src/tests/pw-test-polling-data-loop --benchmark-scan 64 none 1000000 1000000 12 14 0 /tmp/pw-polling-profile-aagty2rg/core-sources64-rt0-rep2.csv
$ perf stat --no-big-num -x ; --output /home/dgamroth/workspaces/codex/pipewire/pipewire/doc/dox/internals/benchmark-data/polling-data-loop-pmu-2026-08-25-record/stat-core-sources64-rt0-rep2.csv --delay=-1 --control=fd:4,9 -e {cycles:u,instructions:u,branches:u,branch-misses:u} -t 1219035
benchmark-stdout:
scan work-sources=64 probe-sources=1 contention=none samples=1000000 warmup=1000000 caller-cpu=12 loop-cpu=14 requested-rt-priority=0 observed-loop-cpu=14 observed-policy=0 observed-priority=0 scheduler-error=0 rate=6538884.7/s p50=0.150us p90=0.160us p99=0.191us p99.9=0.331us max=14.407us control-submitted=0 control-completed=0 control-failed=0
benchmark-stderr:
perf-stdout:
perf-stderr:
Events disabled
Events enabled
Events disabled


$ /home/dgamroth/workspaces/codex/pipewire/pipewire/build/src/tests/pw-test-polling-data-loop --benchmark-scan 64 none 1000000 1000000 12 14 88 /tmp/pw-polling-profile-aagty2rg/l1d-sources64-rt88-rep2.csv
$ perf stat --no-big-num -x ; --output /home/dgamroth/workspaces/codex/pipewire/pipewire/doc/dox/internals/benchmark-data/polling-data-loop-pmu-2026-08-25-record/stat-l1d-sources64-rt88-rep2.csv --delay=-1 --control=fd:4,9 -e {cycles:u,instructions:u,L1-dcache-loads:u,L1-dcache-load-misses:u} -t 1219045
benchmark-stdout:
scan work-sources=64 probe-sources=1 contention=none samples=1000000 warmup=1000000 caller-cpu=12 loop-cpu=14 requested-rt-priority=88 observed-loop-cpu=14 observed-policy=1 observed-priority=88 scheduler-error=0 rate=6607207.4/s p50=0.150us p90=0.151us p99=0.161us p99.9=0.331us max=13.615us control-submitted=0 control-completed=0 control-failed=0
benchmark-stderr:
perf-stdout:
perf-stderr:
Events disabled
Events enabled
Events disabled


$ /home/dgamroth/workspaces/codex/pipewire/pipewire/build/src/tests/pw-test-polling-data-loop --benchmark-scan 64 none 1000000 1000000 12 14 0 /tmp/pw-polling-profile-aagty2rg/faults-sources64-rt0-rep2.csv
$ perf stat --no-big-num -x ; --output /home/dgamroth/workspaces/codex/pipewire/pipewire/doc/dox/internals/benchmark-data/polling-data-loop-pmu-2026-08-25-record/stat-faults-sources64-rt0-rep2.csv --delay=-1 --control=fd:4,9 -e {page-faults,minor-faults,major-faults,context-switches,cpu-migrations} -t 1219064
benchmark-stdout:
scan work-sources=64 probe-sources=1 contention=none samples=1000000 warmup=1000000 caller-cpu=12 loop-cpu=14 requested-rt-priority=0 observed-loop-cpu=14 observed-policy=0 observed-priority=0 scheduler-error=0 rate=6522224.2/s p50=0.150us p90=0.160us p99=0.180us p99.9=0.330us max=17.062us control-submitted=0 control-completed=0 control-failed=0
benchmark-stderr:
perf-stdout:
perf-stderr:
Events disabled
Events enabled
Events disabled


$ /home/dgamroth/workspaces/codex/pipewire/pipewire/build/src/tests/pw-test-polling-data-loop --benchmark-scan 64 none 1000000 1000000 12 14 88 /tmp/pw-polling-profile-aagty2rg/l2-sources64-rt88-rep2.csv
$ perf stat --no-big-num -x ; --output /home/dgamroth/workspaces/codex/pipewire/pipewire/doc/dox/internals/benchmark-data/polling-data-loop-pmu-2026-08-25-record/stat-l2-sources64-rt88-rep2.csv --delay=-1 --control=fd:4,9 -e {cycles:u,instructions:u,l2_request_g1.all_no_prefetch:u,l2_cache_req_stat.ic_dc_miss_in_l2:u} -t 1219087
benchmark-stdout:
scan work-sources=64 probe-sources=1 contention=none samples=1000000 warmup=1000000 caller-cpu=12 loop-cpu=14 requested-rt-priority=88 observed-loop-cpu=14 observed-policy=1 observed-priority=88 scheduler-error=0 rate=6586280.9/s p50=0.150us p90=0.151us p99=0.170us p99.9=0.331us max=29.025us control-submitted=0 control-completed=0 control-failed=0
benchmark-stderr:
perf-stdout:
perf-stderr:
Events disabled
Events enabled
Events disabled


$ /home/dgamroth/workspaces/codex/pipewire/pipewire/build/src/tests/pw-test-polling-data-loop --benchmark-scan 0 none 1000000 1000000 12 14 88 /tmp/pw-polling-profile-aagty2rg/faults-sources0-rt88-rep2.csv
$ perf stat --no-big-num -x ; --output /home/dgamroth/workspaces/codex/pipewire/pipewire/doc/dox/internals/benchmark-data/polling-data-loop-pmu-2026-08-25-record/stat-faults-sources0-rt88-rep2.csv --delay=-1 --control=fd:4,9 -e {page-faults,minor-faults,major-faults,context-switches,cpu-migrations} -t 1219108
benchmark-stdout:
scan work-sources=0 probe-sources=1 contention=none samples=1000000 warmup=1000000 caller-cpu=12 loop-cpu=14 requested-rt-priority=88 observed-loop-cpu=14 observed-policy=1 observed-priority=88 scheduler-error=0 rate=23508505.2/s p50=0.040us p90=0.050us p99=0.080us p99.9=0.090us max=9.698us control-submitted=0 control-completed=0 control-failed=0
benchmark-stderr:
perf-stdout:
perf-stderr:
Events disabled
Events enabled
Events disabled


$ /home/dgamroth/workspaces/codex/pipewire/pipewire/build/src/tests/pw-test-polling-data-loop --benchmark-scan 16 none 1000000 1000000 12 14 0 /tmp/pw-polling-profile-aagty2rg/faults-sources16-rt0-rep2.csv
$ perf stat --no-big-num -x ; --output /home/dgamroth/workspaces/codex/pipewire/pipewire/doc/dox/internals/benchmark-data/polling-data-loop-pmu-2026-08-25-record/stat-faults-sources16-rt0-rep2.csv --delay=-1 --control=fd:4,9 -e {page-faults,minor-faults,major-faults,context-switches,cpu-migrations} -t 1219133
benchmark-stdout:
scan work-sources=16 probe-sources=1 contention=none samples=1000000 warmup=1000000 caller-cpu=12 loop-cpu=14 requested-rt-priority=0 observed-loop-cpu=14 observed-policy=0 observed-priority=0 scheduler-error=0 rate=16106026.4/s p50=0.060us p90=0.070us p99=0.071us p99.9=0.140us max=7.294us control-submitted=0 control-completed=0 control-failed=0
benchmark-stderr:
perf-stdout:
perf-stderr:
Events disabled
Events enabled
Events disabled


$ /home/dgamroth/workspaces/codex/pipewire/pipewire/build/src/tests/pw-test-polling-data-loop --benchmark-scan 0 none 1000000 1000000 12 14 0 /tmp/pw-polling-profile-aagty2rg/l2-sources0-rt0-rep2.csv
$ perf stat --no-big-num -x ; --output /home/dgamroth/workspaces/codex/pipewire/pipewire/doc/dox/internals/benchmark-data/polling-data-loop-pmu-2026-08-25-record/stat-l2-sources0-rt0-rep2.csv --delay=-1 --control=fd:4,9 -e {cycles:u,instructions:u,l2_request_g1.all_no_prefetch:u,l2_cache_req_stat.ic_dc_miss_in_l2:u} -t 1219156
benchmark-stdout:
scan work-sources=0 probe-sources=1 contention=none samples=1000000 warmup=1000000 caller-cpu=12 loop-cpu=14 requested-rt-priority=0 observed-loop-cpu=14 observed-policy=0 observed-priority=0 scheduler-error=0 rate=24077790.5/s p50=0.040us p90=0.041us p99=0.090us p99.9=0.091us max=6.733us control-submitted=0 control-completed=0 control-failed=0
benchmark-stderr:
perf-stdout:
perf-stderr:
Events disabled
Events enabled
Events disabled


$ /home/dgamroth/workspaces/codex/pipewire/pipewire/build/src/tests/pw-test-polling-data-loop --benchmark-scan 16 none 1000000 1000000 12 14 88 /tmp/pw-polling-profile-aagty2rg/l1d-sources16-rt88-rep2.csv
$ perf stat --no-big-num -x ; --output /home/dgamroth/workspaces/codex/pipewire/pipewire/doc/dox/internals/benchmark-data/polling-data-loop-pmu-2026-08-25-record/stat-l1d-sources16-rt88-rep2.csv --delay=-1 --control=fd:4,9 -e {cycles:u,instructions:u,L1-dcache-loads:u,L1-dcache-load-misses:u} -t 1219167
benchmark-stdout:
scan work-sources=16 probe-sources=1 contention=none samples=1000000 warmup=1000000 caller-cpu=12 loop-cpu=14 requested-rt-priority=88 observed-loop-cpu=14 observed-policy=1 observed-priority=88 scheduler-error=0 rate=15959916.9/s p50=0.060us p90=0.070us p99=0.100us p99.9=0.140us max=12.684us control-submitted=0 control-completed=0 control-failed=0
benchmark-stderr:
perf-stdout:
perf-stderr:
Events disabled
Events enabled
Events disabled


$ /home/dgamroth/workspaces/codex/pipewire/pipewire/build/src/tests/pw-test-polling-data-loop --benchmark-scan 1 none 1000000 1000000 12 14 88 /tmp/pw-polling-profile-aagty2rg/l1d-sources1-rt88-rep2.csv
$ perf stat --no-big-num -x ; --output /home/dgamroth/workspaces/codex/pipewire/pipewire/doc/dox/internals/benchmark-data/polling-data-loop-pmu-2026-08-25-record/stat-l1d-sources1-rt88-rep2.csv --delay=-1 --control=fd:4,9 -e {cycles:u,instructions:u,L1-dcache-loads:u,L1-dcache-load-misses:u} -t 1219207
benchmark-stdout:
scan work-sources=1 probe-sources=1 contention=none samples=1000000 warmup=1000000 caller-cpu=12 loop-cpu=14 requested-rt-priority=88 observed-loop-cpu=14 observed-policy=1 observed-priority=88 scheduler-error=0 rate=23570883.2/s p50=0.040us p90=0.050us p99=0.090us p99.9=0.101us max=5.801us control-submitted=0 control-completed=0 control-failed=0
benchmark-stderr:
perf-stdout:
perf-stderr:
Events disabled
Events enabled
Events disabled


$ /home/dgamroth/workspaces/codex/pipewire/pipewire/build/src/tests/pw-test-polling-data-loop --benchmark-scan 1 none 1000000 1000000 12 14 88 /tmp/pw-polling-profile-aagty2rg/l2-sources1-rt88-rep2.csv
$ perf stat --no-big-num -x ; --output /home/dgamroth/workspaces/codex/pipewire/pipewire/doc/dox/internals/benchmark-data/polling-data-loop-pmu-2026-08-25-record/stat-l2-sources1-rt88-rep2.csv --delay=-1 --control=fd:4,9 -e {cycles:u,instructions:u,l2_request_g1.all_no_prefetch:u,l2_cache_req_stat.ic_dc_miss_in_l2:u} -t 1219221
benchmark-stdout:
scan work-sources=1 probe-sources=1 contention=none samples=1000000 warmup=1000000 caller-cpu=12 loop-cpu=14 requested-rt-priority=88 observed-loop-cpu=14 observed-policy=1 observed-priority=88 scheduler-error=0 rate=23500529.3/s p50=0.040us p90=0.050us p99=0.090us p99.9=0.100us max=11.451us control-submitted=0 control-completed=0 control-failed=0
benchmark-stderr:
perf-stdout:
perf-stderr:
Events disabled
Events enabled
Events disabled


$ /home/dgamroth/workspaces/codex/pipewire/pipewire/build/src/tests/pw-test-polling-data-loop --benchmark-scan 1 none 1000000 1000000 12 14 0 /tmp/pw-polling-profile-aagty2rg/l2-sources1-rt0-rep2.csv
$ perf stat --no-big-num -x ; --output /home/dgamroth/workspaces/codex/pipewire/pipewire/doc/dox/internals/benchmark-data/polling-data-loop-pmu-2026-08-25-record/stat-l2-sources1-rt0-rep2.csv --delay=-1 --control=fd:4,9 -e {cycles:u,instructions:u,l2_request_g1.all_no_prefetch:u,l2_cache_req_stat.ic_dc_miss_in_l2:u} -t 1219251
benchmark-stdout:
scan work-sources=1 probe-sources=1 contention=none samples=1000000 warmup=1000000 caller-cpu=12 loop-cpu=14 requested-rt-priority=0 observed-loop-cpu=14 observed-policy=0 observed-priority=0 scheduler-error=0 rate=23298768.2/s p50=0.040us p90=0.050us p99=0.080us p99.9=0.090us max=7.965us control-submitted=0 control-completed=0 control-failed=0
benchmark-stderr:
perf-stdout:
perf-stderr:
Events disabled
Events enabled
Events disabled


$ /home/dgamroth/workspaces/codex/pipewire/pipewire/build/src/tests/pw-test-polling-data-loop --benchmark-scan 16 none 1000000 1000000 12 14 0 /tmp/pw-polling-profile-aagty2rg/core-sources16-rt0-rep2.csv
$ perf stat --no-big-num -x ; --output /home/dgamroth/workspaces/codex/pipewire/pipewire/doc/dox/internals/benchmark-data/polling-data-loop-pmu-2026-08-25-record/stat-core-sources16-rt0-rep2.csv --delay=-1 --control=fd:4,9 -e {cycles:u,instructions:u,branches:u,branch-misses:u} -t 1219266
benchmark-stdout:
scan work-sources=16 probe-sources=1 contention=none samples=1000000 warmup=1000000 caller-cpu=12 loop-cpu=14 requested-rt-priority=0 observed-loop-cpu=14 observed-policy=0 observed-priority=0 scheduler-error=0 rate=16210218.5/s p50=0.060us p90=0.070us p99=0.071us p99.9=0.100us max=9.137us control-submitted=0 control-completed=0 control-failed=0
benchmark-stderr:
perf-stdout:
perf-stderr:
Events disabled
Events enabled
Events disabled


$ /home/dgamroth/workspaces/codex/pipewire/pipewire/build/src/tests/pw-test-polling-data-loop --benchmark-scan 16 none 1000000 1000000 12 14 88 /tmp/pw-polling-profile-aagty2rg/l2-sources16-rt88-rep2.csv
$ perf stat --no-big-num -x ; --output /home/dgamroth/workspaces/codex/pipewire/pipewire/doc/dox/internals/benchmark-data/polling-data-loop-pmu-2026-08-25-record/stat-l2-sources16-rt88-rep2.csv --delay=-1 --control=fd:4,9 -e {cycles:u,instructions:u,l2_request_g1.all_no_prefetch:u,l2_cache_req_stat.ic_dc_miss_in_l2:u} -t 1219280
benchmark-stdout:
scan work-sources=16 probe-sources=1 contention=none samples=1000000 warmup=1000000 caller-cpu=12 loop-cpu=14 requested-rt-priority=88 observed-loop-cpu=14 observed-policy=1 observed-priority=88 scheduler-error=0 rate=15881512.0/s p50=0.060us p90=0.070us p99=0.130us p99.9=0.190us max=12.032us control-submitted=0 control-completed=0 control-failed=0
benchmark-stderr:
perf-stdout:
perf-stderr:
Events disabled
Events enabled
Events disabled


$ /home/dgamroth/workspaces/codex/pipewire/pipewire/build/src/tests/pw-test-polling-data-loop --benchmark-scan 1 none 1000000 1000000 12 14 0 /tmp/pw-polling-profile-aagty2rg/faults-sources1-rt0-rep2.csv
$ perf stat --no-big-num -x ; --output /home/dgamroth/workspaces/codex/pipewire/pipewire/doc/dox/internals/benchmark-data/polling-data-loop-pmu-2026-08-25-record/stat-faults-sources1-rt0-rep2.csv --delay=-1 --control=fd:4,9 -e {page-faults,minor-faults,major-faults,context-switches,cpu-migrations} -t 1219313
benchmark-stdout:
scan work-sources=1 probe-sources=1 contention=none samples=1000000 warmup=1000000 caller-cpu=12 loop-cpu=14 requested-rt-priority=0 observed-loop-cpu=14 observed-policy=0 observed-priority=0 scheduler-error=0 rate=23108357.4/s p50=0.040us p90=0.050us p99=0.090us p99.9=0.101us max=13.886us control-submitted=0 control-completed=0 control-failed=0
benchmark-stderr:
perf-stdout:
perf-stderr:
Events disabled
Events enabled
Events disabled


$ /home/dgamroth/workspaces/codex/pipewire/pipewire/build/src/tests/pw-test-polling-data-loop --benchmark-scan 0 none 1000000 1000000 12 14 88 /tmp/pw-polling-profile-aagty2rg/core-sources0-rt88-rep2.csv
$ perf stat --no-big-num -x ; --output /home/dgamroth/workspaces/codex/pipewire/pipewire/doc/dox/internals/benchmark-data/polling-data-loop-pmu-2026-08-25-record/stat-core-sources0-rt88-rep2.csv --delay=-1 --control=fd:4,9 -e {cycles:u,instructions:u,branches:u,branch-misses:u} -t 1219356
benchmark-stdout:
scan work-sources=0 probe-sources=1 contention=none samples=1000000 warmup=1000000 caller-cpu=12 loop-cpu=14 requested-rt-priority=88 observed-loop-cpu=14 observed-policy=1 observed-priority=88 scheduler-error=0 rate=24351570.0/s p50=0.040us p90=0.041us p99=0.051us p99.9=0.091us max=6.171us control-submitted=0 control-completed=0 control-failed=0
benchmark-stderr:
perf-stdout:
perf-stderr:
Events disabled
Events enabled
Events disabled


$ /home/dgamroth/workspaces/codex/pipewire/pipewire/build/src/tests/pw-test-polling-data-loop --benchmark-scan 64 none 1000000 1000000 12 14 0 /tmp/pw-polling-profile-aagty2rg/l1d-sources64-rt0-rep2.csv
$ perf stat --no-big-num -x ; --output /home/dgamroth/workspaces/codex/pipewire/pipewire/doc/dox/internals/benchmark-data/polling-data-loop-pmu-2026-08-25-record/stat-l1d-sources64-rt0-rep2.csv --delay=-1 --control=fd:4,9 -e {cycles:u,instructions:u,L1-dcache-loads:u,L1-dcache-load-misses:u} -t 1219366
benchmark-stdout:
scan work-sources=64 probe-sources=1 contention=none samples=1000000 warmup=1000000 caller-cpu=12 loop-cpu=14 requested-rt-priority=0 observed-loop-cpu=14 observed-policy=0 observed-priority=0 scheduler-error=0 rate=6568663.6/s p50=0.150us p90=0.160us p99=0.180us p99.9=0.331us max=7.414us control-submitted=0 control-completed=0 control-failed=0
benchmark-stderr:
perf-stdout:
perf-stderr:
Events disabled
Events enabled
Events disabled


$ /home/dgamroth/workspaces/codex/pipewire/pipewire/build/src/tests/pw-test-polling-data-loop --benchmark-scan 1 none 1000000 1000000 12 14 88 /tmp/pw-polling-profile-aagty2rg/core-sources1-rt88-rep2.csv
$ perf stat --no-big-num -x ; --output /home/dgamroth/workspaces/codex/pipewire/pipewire/doc/dox/internals/benchmark-data/polling-data-loop-pmu-2026-08-25-record/stat-core-sources1-rt88-rep2.csv --delay=-1 --control=fd:4,9 -e {cycles:u,instructions:u,branches:u,branch-misses:u} -t 1219414
benchmark-stdout:
scan work-sources=1 probe-sources=1 contention=none samples=1000000 warmup=1000000 caller-cpu=12 loop-cpu=14 requested-rt-priority=88 observed-loop-cpu=14 observed-policy=1 observed-priority=88 scheduler-error=0 rate=23756901.7/s p50=0.040us p90=0.050us p99=0.060us p99.9=0.100us max=4.549us control-submitted=0 control-completed=0 control-failed=0
benchmark-stderr:
perf-stdout:
perf-stderr:
Events disabled
Events enabled
Events disabled


$ /home/dgamroth/workspaces/codex/pipewire/pipewire/build/src/tests/pw-test-polling-data-loop --benchmark-scan 4 none 1000000 1000000 12 14 0 /tmp/pw-polling-profile-aagty2rg/l1d-sources4-rt0-rep2.csv
$ perf stat --no-big-num -x ; --output /home/dgamroth/workspaces/codex/pipewire/pipewire/doc/dox/internals/benchmark-data/polling-data-loop-pmu-2026-08-25-record/stat-l1d-sources4-rt0-rep2.csv --delay=-1 --control=fd:4,9 -e {cycles:u,instructions:u,L1-dcache-loads:u,L1-dcache-load-misses:u} -t 1219442
benchmark-stdout:
scan work-sources=4 probe-sources=1 contention=none samples=1000000 warmup=1000000 caller-cpu=12 loop-cpu=14 requested-rt-priority=0 observed-loop-cpu=14 observed-policy=0 observed-priority=0 scheduler-error=0 rate=21975176.3/s p50=0.041us p90=0.050us p99=0.051us p99.9=0.101us max=6.612us control-submitted=0 control-completed=0 control-failed=0
benchmark-stderr:
perf-stdout:
perf-stderr:
Events disabled
Events enabled
Events disabled


$ /home/dgamroth/workspaces/codex/pipewire/pipewire/build/src/tests/pw-test-polling-data-loop --benchmark-scan 0 none 1000000 1000000 12 14 0 /tmp/pw-polling-profile-aagty2rg/faults-sources0-rt0-rep2.csv
$ perf stat --no-big-num -x ; --output /home/dgamroth/workspaces/codex/pipewire/pipewire/doc/dox/internals/benchmark-data/polling-data-loop-pmu-2026-08-25-record/stat-faults-sources0-rt0-rep2.csv --delay=-1 --control=fd:4,9 -e {page-faults,minor-faults,major-faults,context-switches,cpu-migrations} -t 1219473
benchmark-stdout:
scan work-sources=0 probe-sources=1 contention=none samples=1000000 warmup=1000000 caller-cpu=12 loop-cpu=14 requested-rt-priority=0 observed-loop-cpu=14 observed-policy=0 observed-priority=0 scheduler-error=0 rate=24166495.2/s p50=0.040us p90=0.050us p99=0.051us p99.9=0.090us max=6.142us control-submitted=0 control-completed=0 control-failed=0
benchmark-stderr:
perf-stdout:
perf-stderr:
Events disabled
Events enabled
Events disabled


$ /home/dgamroth/workspaces/codex/pipewire/pipewire/build/src/tests/pw-test-polling-data-loop --benchmark-scan 16 none 1000000 1000000 12 14 88 /tmp/pw-polling-profile-aagty2rg/faults-sources16-rt88-rep2.csv
$ perf stat --no-big-num -x ; --output /home/dgamroth/workspaces/codex/pipewire/pipewire/doc/dox/internals/benchmark-data/polling-data-loop-pmu-2026-08-25-record/stat-faults-sources16-rt88-rep2.csv --delay=-1 --control=fd:4,9 -e {page-faults,minor-faults,major-faults,context-switches,cpu-migrations} -t 1219483
benchmark-stdout:
scan work-sources=16 probe-sources=1 contention=none samples=1000000 warmup=1000000 caller-cpu=12 loop-cpu=14 requested-rt-priority=88 observed-loop-cpu=14 observed-policy=1 observed-priority=88 scheduler-error=0 rate=16041036.1/s p50=0.060us p90=0.070us p99=0.071us p99.9=0.140us max=6.291us control-submitted=0 control-completed=0 control-failed=0
benchmark-stderr:
perf-stdout:
perf-stderr:
Events disabled
Events enabled
Events disabled


$ /home/dgamroth/workspaces/codex/pipewire/pipewire/build/src/tests/pw-test-polling-data-loop --benchmark-scan 4 none 1000000 1000000 12 14 88 /tmp/pw-polling-profile-aagty2rg/faults-sources4-rt88-rep2.csv
$ perf stat --no-big-num -x ; --output /home/dgamroth/workspaces/codex/pipewire/pipewire/doc/dox/internals/benchmark-data/polling-data-loop-pmu-2026-08-25-record/stat-faults-sources4-rt88-rep2.csv --delay=-1 --control=fd:4,9 -e {page-faults,minor-faults,major-faults,context-switches,cpu-migrations} -t 1219499
benchmark-stdout:
scan work-sources=4 probe-sources=1 contention=none samples=1000000 warmup=1000000 caller-cpu=12 loop-cpu=14 requested-rt-priority=88 observed-loop-cpu=14 observed-policy=1 observed-priority=88 scheduler-error=0 rate=21750448.2/s p50=0.050us p90=0.050us p99=0.090us p99.9=0.100us max=15.079us control-submitted=0 control-completed=0 control-failed=0
benchmark-stderr:
perf-stdout:
perf-stderr:
Events disabled
Events enabled
Events disabled


$ /home/dgamroth/workspaces/codex/pipewire/pipewire/build/src/tests/pw-test-polling-data-loop --benchmark-scan 0 none 1000000 1000000 12 14 88 /tmp/pw-polling-profile-aagty2rg/l1d-sources0-rt88-rep2.csv
$ perf stat --no-big-num -x ; --output /home/dgamroth/workspaces/codex/pipewire/pipewire/doc/dox/internals/benchmark-data/polling-data-loop-pmu-2026-08-25-record/stat-l1d-sources0-rt88-rep2.csv --delay=-1 --control=fd:4,9 -e {cycles:u,instructions:u,L1-dcache-loads:u,L1-dcache-load-misses:u} -t 1219522
benchmark-stdout:
scan work-sources=0 probe-sources=1 contention=none samples=1000000 warmup=1000000 caller-cpu=12 loop-cpu=14 requested-rt-priority=88 observed-loop-cpu=14 observed-policy=1 observed-priority=88 scheduler-error=0 rate=24081264.8/s p50=0.040us p90=0.050us p99=0.070us p99.9=0.081us max=9.768us control-submitted=0 control-completed=0 control-failed=0
benchmark-stderr:
perf-stdout:
perf-stderr:
Events disabled
Events enabled
Events disabled


$ /home/dgamroth/workspaces/codex/pipewire/pipewire/build/src/tests/pw-test-polling-data-loop --benchmark-scan 16 none 1000000 1000000 12 14 0 /tmp/pw-polling-profile-aagty2rg/l1d-sources16-rt0-rep2.csv
$ perf stat --no-big-num -x ; --output /home/dgamroth/workspaces/codex/pipewire/pipewire/doc/dox/internals/benchmark-data/polling-data-loop-pmu-2026-08-25-record/stat-l1d-sources16-rt0-rep2.csv --delay=-1 --control=fd:4,9 -e {cycles:u,instructions:u,L1-dcache-loads:u,L1-dcache-load-misses:u} -t 1219541
benchmark-stdout:
scan work-sources=16 probe-sources=1 contention=none samples=1000000 warmup=1000000 caller-cpu=12 loop-cpu=14 requested-rt-priority=0 observed-loop-cpu=14 observed-policy=0 observed-priority=0 scheduler-error=0 rate=15921325.2/s p50=0.060us p90=0.070us p99=0.130us p99.9=0.141us max=11.311us control-submitted=0 control-completed=0 control-failed=0
benchmark-stderr:
perf-stdout:
perf-stderr:
Events disabled
Events enabled
Events disabled


$ /home/dgamroth/workspaces/codex/pipewire/pipewire/build/src/tests/pw-test-polling-data-loop --benchmark-scan 64 none 1000000 1000000 12 14 88 /tmp/pw-polling-profile-aagty2rg/faults-sources64-rt88-rep2.csv
$ perf stat --no-big-num -x ; --output /home/dgamroth/workspaces/codex/pipewire/pipewire/doc/dox/internals/benchmark-data/polling-data-loop-pmu-2026-08-25-record/stat-faults-sources64-rt88-rep2.csv --delay=-1 --control=fd:4,9 -e {page-faults,minor-faults,major-faults,context-switches,cpu-migrations} -t 1219559
benchmark-stdout:
scan work-sources=64 probe-sources=1 contention=none samples=1000000 warmup=1000000 caller-cpu=12 loop-cpu=14 requested-rt-priority=88 observed-loop-cpu=14 observed-policy=1 observed-priority=88 scheduler-error=0 rate=6409868.9/s p50=0.150us p90=0.161us p99=0.221us p99.9=0.340us max=12.364us control-submitted=0 control-completed=0 control-failed=0
benchmark-stderr:
perf-stdout:
perf-stderr:
Events disabled
Events enabled
Events disabled


$ /home/dgamroth/workspaces/codex/pipewire/pipewire/build/src/tests/pw-test-polling-data-loop --benchmark-scan 4 none 1000000 1000000 12 14 88 /tmp/pw-polling-profile-aagty2rg/l2-sources4-rt88-rep2.csv
$ perf stat --no-big-num -x ; --output /home/dgamroth/workspaces/codex/pipewire/pipewire/doc/dox/internals/benchmark-data/polling-data-loop-pmu-2026-08-25-record/stat-l2-sources4-rt88-rep2.csv --delay=-1 --control=fd:4,9 -e {cycles:u,instructions:u,l2_request_g1.all_no_prefetch:u,l2_cache_req_stat.ic_dc_miss_in_l2:u} -t 1219605
benchmark-stdout:
scan work-sources=4 probe-sources=1 contention=none samples=1000000 warmup=1000000 caller-cpu=12 loop-cpu=14 requested-rt-priority=88 observed-loop-cpu=14 observed-policy=1 observed-priority=88 scheduler-error=0 rate=21866959.9/s p50=0.050us p90=0.050us p99=0.070us p99.9=0.101us max=6.001us control-submitted=0 control-completed=0 control-failed=0
benchmark-stderr:
perf-stdout:
perf-stderr:
Events disabled
Events enabled
Events disabled


$ /home/dgamroth/workspaces/codex/pipewire/pipewire/build/src/tests/pw-test-polling-data-loop --benchmark-scan 1 none 1000000 1000000 12 14 0 /tmp/pw-polling-profile-aagty2rg/core-sources1-rt0-rep2.csv
$ perf stat --no-big-num -x ; --output /home/dgamroth/workspaces/codex/pipewire/pipewire/doc/dox/internals/benchmark-data/polling-data-loop-pmu-2026-08-25-record/stat-core-sources1-rt0-rep2.csv --delay=-1 --control=fd:4,9 -e {cycles:u,instructions:u,branches:u,branch-misses:u} -t 1219609
benchmark-stdout:
scan work-sources=1 probe-sources=1 contention=none samples=1000000 warmup=1000000 caller-cpu=12 loop-cpu=14 requested-rt-priority=0 observed-loop-cpu=14 observed-policy=0 observed-priority=0 scheduler-error=0 rate=23409465.5/s p50=0.040us p90=0.050us p99=0.090us p99.9=0.101us max=11.662us control-submitted=0 control-completed=0 control-failed=0
benchmark-stderr:
perf-stdout:
perf-stderr:
Events disabled
Events enabled
Events disabled


$ /home/dgamroth/workspaces/codex/pipewire/pipewire/build/src/tests/pw-test-polling-data-loop --benchmark-scan 4 none 1000000 1000000 12 14 0 /tmp/pw-polling-profile-aagty2rg/l2-sources4-rt0-rep2.csv
$ perf stat --no-big-num -x ; --output /home/dgamroth/workspaces/codex/pipewire/pipewire/doc/dox/internals/benchmark-data/polling-data-loop-pmu-2026-08-25-record/stat-l2-sources4-rt0-rep2.csv --delay=-1 --control=fd:4,9 -e {cycles:u,instructions:u,l2_request_g1.all_no_prefetch:u,l2_cache_req_stat.ic_dc_miss_in_l2:u} -t 1219646
benchmark-stdout:
scan work-sources=4 probe-sources=1 contention=none samples=1000000 warmup=1000000 caller-cpu=12 loop-cpu=14 requested-rt-priority=0 observed-loop-cpu=14 observed-policy=0 observed-priority=0 scheduler-error=0 rate=21750747.2/s p50=0.050us p90=0.050us p99=0.100us p99.9=0.101us max=6.362us control-submitted=0 control-completed=0 control-failed=0
benchmark-stderr:
perf-stdout:
perf-stderr:
Events disabled
Events enabled
Events disabled


$ /home/dgamroth/workspaces/codex/pipewire/pipewire/build/src/tests/pw-test-polling-data-loop --benchmark-scan 1 none 1000000 1000000 12 14 0 /tmp/pw-polling-profile-aagty2rg/dtlb-sources1-rt0-rep2.csv
$ perf stat --no-big-num -x ; --output /home/dgamroth/workspaces/codex/pipewire/pipewire/doc/dox/internals/benchmark-data/polling-data-loop-pmu-2026-08-25-record/stat-dtlb-sources1-rt0-rep2.csv --delay=-1 --control=fd:4,9 -e {cycles:u,instructions:u,l1_dtlb_misses:u,l2_dtlb_misses:u} -t 1219650
benchmark-stdout:
scan work-sources=1 probe-sources=1 contention=none samples=1000000 warmup=1000000 caller-cpu=12 loop-cpu=14 requested-rt-priority=0 observed-loop-cpu=14 observed-policy=0 observed-priority=0 scheduler-error=0 rate=23414836.1/s p50=0.040us p90=0.050us p99=0.090us p99.9=0.101us max=11.912us control-submitted=0 control-completed=0 control-failed=0
benchmark-stderr:
perf-stdout:
perf-stderr:
Events disabled
Events enabled
Events disabled


$ /home/dgamroth/workspaces/codex/pipewire/pipewire/build/src/tests/pw-test-polling-data-loop --benchmark-scan 0 none 1000000 1000000 12 14 0 /tmp/pw-polling-profile-aagty2rg/core-sources0-rt0-rep2.csv
$ perf stat --no-big-num -x ; --output /home/dgamroth/workspaces/codex/pipewire/pipewire/doc/dox/internals/benchmark-data/polling-data-loop-pmu-2026-08-25-record/stat-core-sources0-rt0-rep2.csv --delay=-1 --control=fd:4,9 -e {cycles:u,instructions:u,branches:u,branch-misses:u} -t 1219684
benchmark-stdout:
scan work-sources=0 probe-sources=1 contention=none samples=1000000 warmup=1000000 caller-cpu=12 loop-cpu=14 requested-rt-priority=0 observed-loop-cpu=14 observed-policy=0 observed-priority=0 scheduler-error=0 rate=23718546.8/s p50=0.040us p90=0.050us p99=0.090us p99.9=0.091us max=12.314us control-submitted=0 control-completed=0 control-failed=0
benchmark-stderr:
perf-stdout:
perf-stderr:
Events disabled
Events enabled
Events disabled


$ /home/dgamroth/workspaces/codex/pipewire/pipewire/build/src/tests/pw-test-polling-data-loop --benchmark-scan 16 none 1000000 1000000 12 14 0 /tmp/pw-polling-profile-aagty2rg/l2-sources16-rt0-rep2.csv
$ perf stat --no-big-num -x ; --output /home/dgamroth/workspaces/codex/pipewire/pipewire/doc/dox/internals/benchmark-data/polling-data-loop-pmu-2026-08-25-record/stat-l2-sources16-rt0-rep2.csv --delay=-1 --control=fd:4,9 -e {cycles:u,instructions:u,l2_request_g1.all_no_prefetch:u,l2_cache_req_stat.ic_dc_miss_in_l2:u} -t 1219709
benchmark-stdout:
scan work-sources=16 probe-sources=1 contention=none samples=1000000 warmup=1000000 caller-cpu=12 loop-cpu=14 requested-rt-priority=0 observed-loop-cpu=14 observed-policy=0 observed-priority=0 scheduler-error=0 rate=16022470.4/s p50=0.060us p90=0.070us p99=0.100us p99.9=0.141us max=12.153us control-submitted=0 control-completed=0 control-failed=0
benchmark-stderr:
perf-stdout:
perf-stderr:
Events disabled
Events enabled
Events disabled


$ /home/dgamroth/workspaces/codex/pipewire/pipewire/build/src/tests/pw-test-polling-data-loop --benchmark-scan 4 none 1000000 1000000 12 14 88 /tmp/pw-polling-profile-aagty2rg/l1d-sources4-rt88-rep2.csv
$ perf stat --no-big-num -x ; --output /home/dgamroth/workspaces/codex/pipewire/pipewire/doc/dox/internals/benchmark-data/polling-data-loop-pmu-2026-08-25-record/stat-l1d-sources4-rt88-rep2.csv --delay=-1 --control=fd:4,9 -e {cycles:u,instructions:u,L1-dcache-loads:u,L1-dcache-load-misses:u} -t 1219725
benchmark-stdout:
scan work-sources=4 probe-sources=1 contention=none samples=1000000 warmup=1000000 caller-cpu=12 loop-cpu=14 requested-rt-priority=88 observed-loop-cpu=14 observed-policy=1 observed-priority=88 scheduler-error=0 rate=21236359.2/s p50=0.050us p90=0.050us p99=0.100us p99.9=0.110us max=20.358us control-submitted=0 control-completed=0 control-failed=0
benchmark-stderr:
perf-stdout:
perf-stderr:
Events disabled
Events enabled
Events disabled


$ /home/dgamroth/workspaces/codex/pipewire/pipewire/build/src/tests/pw-test-polling-data-loop --benchmark-scan 64 none 1000000 1000000 12 14 88 /tmp/pw-polling-profile-aagty2rg/dtlb-sources64-rt88-rep2.csv
$ perf stat --no-big-num -x ; --output /home/dgamroth/workspaces/codex/pipewire/pipewire/doc/dox/internals/benchmark-data/polling-data-loop-pmu-2026-08-25-record/stat-dtlb-sources64-rt88-rep2.csv --delay=-1 --control=fd:4,9 -e {cycles:u,instructions:u,l1_dtlb_misses:u,l2_dtlb_misses:u} -t 1219747
benchmark-stdout:
scan work-sources=64 probe-sources=1 contention=none samples=1000000 warmup=1000000 caller-cpu=12 loop-cpu=14 requested-rt-priority=88 observed-loop-cpu=14 observed-policy=1 observed-priority=88 scheduler-error=0 rate=6475234.3/s p50=0.150us p90=0.160us p99=0.210us p99.9=0.341us max=36.809us control-submitted=0 control-completed=0 control-failed=0
benchmark-stderr:
perf-stdout:
perf-stderr:
Events disabled
Events enabled
Events disabled


$ /home/dgamroth/workspaces/codex/pipewire/pipewire/build/src/tests/pw-test-polling-data-loop --benchmark-scan 16 none 1000000 1000000 12 14 0 /tmp/pw-polling-profile-aagty2rg/dtlb-sources16-rt0-rep2.csv
$ perf stat --no-big-num -x ; --output /home/dgamroth/workspaces/codex/pipewire/pipewire/doc/dox/internals/benchmark-data/polling-data-loop-pmu-2026-08-25-record/stat-dtlb-sources16-rt0-rep2.csv --delay=-1 --control=fd:4,9 -e {cycles:u,instructions:u,l1_dtlb_misses:u,l2_dtlb_misses:u} -t 1219779
benchmark-stdout:
scan work-sources=16 probe-sources=1 contention=none samples=1000000 warmup=1000000 caller-cpu=12 loop-cpu=14 requested-rt-priority=0 observed-loop-cpu=14 observed-policy=0 observed-priority=0 scheduler-error=0 rate=15886534.6/s p50=0.060us p90=0.070us p99=0.130us p99.9=0.141us max=7.664us control-submitted=0 control-completed=0 control-failed=0
benchmark-stderr:
perf-stdout:
perf-stderr:
Events disabled
Events enabled
Events disabled


$ /home/dgamroth/workspaces/codex/pipewire/pipewire/build/src/tests/pw-test-polling-data-loop --benchmark-scan 64 none 1000000 1000000 12 14 88 /tmp/pw-polling-profile-aagty2rg/core-sources64-rt88-rep2.csv
$ perf stat --no-big-num -x ; --output /home/dgamroth/workspaces/codex/pipewire/pipewire/doc/dox/internals/benchmark-data/polling-data-loop-pmu-2026-08-25-record/stat-core-sources64-rt88-rep2.csv --delay=-1 --control=fd:4,9 -e {cycles:u,instructions:u,branches:u,branch-misses:u} -t 1219789
benchmark-stdout:
scan work-sources=64 probe-sources=1 contention=none samples=1000000 warmup=1000000 caller-cpu=12 loop-cpu=14 requested-rt-priority=88 observed-loop-cpu=14 observed-policy=1 observed-priority=88 scheduler-error=0 rate=6475473.7/s p50=0.150us p90=0.161us p99=0.210us p99.9=0.231us max=25.177us control-submitted=0 control-completed=0 control-failed=0
benchmark-stderr:
perf-stdout:
perf-stderr:
Events disabled
Events enabled
Events disabled


$ /home/dgamroth/workspaces/codex/pipewire/pipewire/build/src/tests/pw-test-polling-data-loop --benchmark-scan 1 none 1000000 1000000 12 14 88 /tmp/pw-polling-profile-aagty2rg/dtlb-sources1-rt88-rep2.csv
$ perf stat --no-big-num -x ; --output /home/dgamroth/workspaces/codex/pipewire/pipewire/doc/dox/internals/benchmark-data/polling-data-loop-pmu-2026-08-25-record/stat-dtlb-sources1-rt88-rep2.csv --delay=-1 --control=fd:4,9 -e {cycles:u,instructions:u,l1_dtlb_misses:u,l2_dtlb_misses:u} -t 1219814
benchmark-stdout:
scan work-sources=1 probe-sources=1 contention=none samples=1000000 warmup=1000000 caller-cpu=12 loop-cpu=14 requested-rt-priority=88 observed-loop-cpu=14 observed-policy=1 observed-priority=88 scheduler-error=0 rate=22211578.4/s p50=0.040us p90=0.051us p99=0.090us p99.9=0.120us max=11.372us control-submitted=0 control-completed=0 control-failed=0
benchmark-stderr:
perf-stdout:
perf-stderr:
Events disabled
Events enabled
Events disabled


$ /home/dgamroth/workspaces/codex/pipewire/pipewire/build/src/tests/pw-test-polling-data-loop --benchmark-scan 4 none 1000000 1000000 12 14 0 /tmp/pw-polling-profile-aagty2rg/core-sources4-rt0-rep3.csv
$ perf stat --no-big-num -x ; --output /home/dgamroth/workspaces/codex/pipewire/pipewire/doc/dox/internals/benchmark-data/polling-data-loop-pmu-2026-08-25-record/stat-core-sources4-rt0-rep3.csv --delay=-1 --control=fd:4,9 -e {cycles:u,instructions:u,branches:u,branch-misses:u} -t 1219830
benchmark-stdout:
scan work-sources=4 probe-sources=1 contention=none samples=1000000 warmup=1000000 caller-cpu=12 loop-cpu=14 requested-rt-priority=0 observed-loop-cpu=14 observed-policy=0 observed-priority=0 scheduler-error=0 rate=22060937.2/s p50=0.050us p90=0.050us p99=0.051us p99.9=0.070us max=8.125us control-submitted=0 control-completed=0 control-failed=0
benchmark-stderr:
perf-stdout:
perf-stderr:
Events disabled
Events enabled
Events disabled


$ /home/dgamroth/workspaces/codex/pipewire/pipewire/build/src/tests/pw-test-polling-data-loop --benchmark-scan 0 none 1000000 1000000 12 14 0 /tmp/pw-polling-profile-aagty2rg/dtlb-sources0-rt0-rep3.csv
$ perf stat --no-big-num -x ; --output /home/dgamroth/workspaces/codex/pipewire/pipewire/doc/dox/internals/benchmark-data/polling-data-loop-pmu-2026-08-25-record/stat-dtlb-sources0-rt0-rep3.csv --delay=-1 --control=fd:4,9 -e {cycles:u,instructions:u,l1_dtlb_misses:u,l2_dtlb_misses:u} -t 1219840
benchmark-stdout:
scan work-sources=0 probe-sources=1 contention=none samples=1000000 warmup=1000000 caller-cpu=12 loop-cpu=14 requested-rt-priority=0 observed-loop-cpu=14 observed-policy=0 observed-priority=0 scheduler-error=0 rate=24025386.8/s p50=0.040us p90=0.041us p99=0.090us p99.9=0.091us max=6.562us control-submitted=0 control-completed=0 control-failed=0
benchmark-stderr:
perf-stdout:
perf-stderr:
Events disabled
Events enabled
Events disabled


$ /home/dgamroth/workspaces/codex/pipewire/pipewire/build/src/tests/pw-test-polling-data-loop --benchmark-scan 16 none 1000000 1000000 12 14 88 /tmp/pw-polling-profile-aagty2rg/dtlb-sources16-rt88-rep3.csv
$ perf stat --no-big-num -x ; --output /home/dgamroth/workspaces/codex/pipewire/pipewire/doc/dox/internals/benchmark-data/polling-data-loop-pmu-2026-08-25-record/stat-dtlb-sources16-rt88-rep3.csv --delay=-1 --control=fd:4,9 -e {cycles:u,instructions:u,l1_dtlb_misses:u,l2_dtlb_misses:u} -t 1219874
benchmark-stdout:
scan work-sources=16 probe-sources=1 contention=none samples=1000000 warmup=1000000 caller-cpu=12 loop-cpu=14 requested-rt-priority=88 observed-loop-cpu=14 observed-policy=1 observed-priority=88 scheduler-error=0 rate=15826499.0/s p50=0.060us p90=0.070us p99=0.111us p99.9=0.130us max=13.135us control-submitted=0 control-completed=0 control-failed=0
benchmark-stderr:
perf-stdout:
perf-stderr:
Events disabled
Events enabled
Events disabled


$ /home/dgamroth/workspaces/codex/pipewire/pipewire/build/src/tests/pw-test-polling-data-loop --benchmark-scan 4 none 1000000 1000000 12 14 88 /tmp/pw-polling-profile-aagty2rg/faults-sources4-rt88-rep3.csv
$ perf stat --no-big-num -x ; --output /home/dgamroth/workspaces/codex/pipewire/pipewire/doc/dox/internals/benchmark-data/polling-data-loop-pmu-2026-08-25-record/stat-faults-sources4-rt88-rep3.csv --delay=-1 --control=fd:4,9 -e {page-faults,minor-faults,major-faults,context-switches,cpu-migrations} -t 1219881
benchmark-stdout:
scan work-sources=4 probe-sources=1 contention=none samples=1000000 warmup=1000000 caller-cpu=12 loop-cpu=14 requested-rt-priority=88 observed-loop-cpu=14 observed-policy=1 observed-priority=88 scheduler-error=0 rate=21933540.8/s p50=0.041us p90=0.050us p99=0.070us p99.9=0.101us max=36.668us control-submitted=0 control-completed=0 control-failed=0
benchmark-stderr:
perf-stdout:
perf-stderr:
Events disabled
Events enabled
Events disabled


$ /home/dgamroth/workspaces/codex/pipewire/pipewire/build/src/tests/pw-test-polling-data-loop --benchmark-scan 0 none 1000000 1000000 12 14 0 /tmp/pw-polling-profile-aagty2rg/l2-sources0-rt0-rep3.csv
$ perf stat --no-big-num -x ; --output /home/dgamroth/workspaces/codex/pipewire/pipewire/doc/dox/internals/benchmark-data/polling-data-loop-pmu-2026-08-25-record/stat-l2-sources0-rt0-rep3.csv --delay=-1 --control=fd:4,9 -e {cycles:u,instructions:u,l2_request_g1.all_no_prefetch:u,l2_cache_req_stat.ic_dc_miss_in_l2:u} -t 1219907
benchmark-stdout:
scan work-sources=0 probe-sources=1 contention=none samples=1000000 warmup=1000000 caller-cpu=12 loop-cpu=14 requested-rt-priority=0 observed-loop-cpu=14 observed-policy=0 observed-priority=0 scheduler-error=0 rate=23789510.0/s p50=0.040us p90=0.050us p99=0.061us p99.9=0.100us max=8.847us control-submitted=0 control-completed=0 control-failed=0
benchmark-stderr:
perf-stdout:
perf-stderr:
Events disabled
Events enabled
Events disabled


$ /home/dgamroth/workspaces/codex/pipewire/pipewire/build/src/tests/pw-test-polling-data-loop --benchmark-scan 64 none 1000000 1000000 12 14 88 /tmp/pw-polling-profile-aagty2rg/dtlb-sources64-rt88-rep3.csv
$ perf stat --no-big-num -x ; --output /home/dgamroth/workspaces/codex/pipewire/pipewire/doc/dox/internals/benchmark-data/polling-data-loop-pmu-2026-08-25-record/stat-dtlb-sources64-rt88-rep3.csv --delay=-1 --control=fd:4,9 -e {cycles:u,instructions:u,l1_dtlb_misses:u,l2_dtlb_misses:u} -t 1219924
benchmark-stdout:
scan work-sources=64 probe-sources=1 contention=none samples=1000000 warmup=1000000 caller-cpu=12 loop-cpu=14 requested-rt-priority=88 observed-loop-cpu=14 observed-policy=1 observed-priority=88 scheduler-error=0 rate=6593629.2/s p50=0.150us p90=0.151us p99=0.161us p99.9=0.331us max=13.045us control-submitted=0 control-completed=0 control-failed=0
benchmark-stderr:
perf-stdout:
perf-stderr:
Events disabled
Events enabled
Events disabled


$ /home/dgamroth/workspaces/codex/pipewire/pipewire/build/src/tests/pw-test-polling-data-loop --benchmark-scan 16 none 1000000 1000000 12 14 0 /tmp/pw-polling-profile-aagty2rg/l2-sources16-rt0-rep3.csv
$ perf stat --no-big-num -x ; --output /home/dgamroth/workspaces/codex/pipewire/pipewire/doc/dox/internals/benchmark-data/polling-data-loop-pmu-2026-08-25-record/stat-l2-sources16-rt0-rep3.csv --delay=-1 --control=fd:4,9 -e {cycles:u,instructions:u,l2_request_g1.all_no_prefetch:u,l2_cache_req_stat.ic_dc_miss_in_l2:u} -t 1219940
benchmark-stdout:
scan work-sources=16 probe-sources=1 contention=none samples=1000000 warmup=1000000 caller-cpu=12 loop-cpu=14 requested-rt-priority=0 observed-loop-cpu=14 observed-policy=0 observed-priority=0 scheduler-error=0 rate=15953315.2/s p50=0.060us p90=0.070us p99=0.130us p99.9=0.141us max=11.872us control-submitted=0 control-completed=0 control-failed=0
benchmark-stderr:
perf-stdout:
perf-stderr:
Events disabled
Events enabled
Events disabled


$ /home/dgamroth/workspaces/codex/pipewire/pipewire/build/src/tests/pw-test-polling-data-loop --benchmark-scan 1 none 1000000 1000000 12 14 0 /tmp/pw-polling-profile-aagty2rg/l1d-sources1-rt0-rep3.csv
$ perf stat --no-big-num -x ; --output /home/dgamroth/workspaces/codex/pipewire/pipewire/doc/dox/internals/benchmark-data/polling-data-loop-pmu-2026-08-25-record/stat-l1d-sources1-rt0-rep3.csv --delay=-1 --control=fd:4,9 -e {cycles:u,instructions:u,L1-dcache-loads:u,L1-dcache-load-misses:u} -t 1219965
benchmark-stdout:
scan work-sources=1 probe-sources=1 contention=none samples=1000000 warmup=1000000 caller-cpu=12 loop-cpu=14 requested-rt-priority=0 observed-loop-cpu=14 observed-policy=0 observed-priority=0 scheduler-error=0 rate=23460179.4/s p50=0.040us p90=0.050us p99=0.090us p99.9=0.101us max=12.023us control-submitted=0 control-completed=0 control-failed=0
benchmark-stderr:
perf-stdout:
perf-stderr:
Events disabled
Events enabled
Events disabled


$ /home/dgamroth/workspaces/codex/pipewire/pipewire/build/src/tests/pw-test-polling-data-loop --benchmark-scan 1 none 1000000 1000000 12 14 0 /tmp/pw-polling-profile-aagty2rg/core-sources1-rt0-rep3.csv
$ perf stat --no-big-num -x ; --output /home/dgamroth/workspaces/codex/pipewire/pipewire/doc/dox/internals/benchmark-data/polling-data-loop-pmu-2026-08-25-record/stat-core-sources1-rt0-rep3.csv --delay=-1 --control=fd:4,9 -e {cycles:u,instructions:u,branches:u,branch-misses:u} -t 1219981
benchmark-stdout:
scan work-sources=1 probe-sources=1 contention=none samples=1000000 warmup=1000000 caller-cpu=12 loop-cpu=14 requested-rt-priority=0 observed-loop-cpu=14 observed-policy=0 observed-priority=0 scheduler-error=0 rate=23520543.7/s p50=0.040us p90=0.050us p99=0.090us p99.9=0.100us max=7.404us control-submitted=0 control-completed=0 control-failed=0
benchmark-stderr:
perf-stdout:
perf-stderr:
Events disabled
Events enabled
Events disabled


$ /home/dgamroth/workspaces/codex/pipewire/pipewire/build/src/tests/pw-test-polling-data-loop --benchmark-scan 16 none 1000000 1000000 12 14 0 /tmp/pw-polling-profile-aagty2rg/l1d-sources16-rt0-rep3.csv
$ perf stat --no-big-num -x ; --output /home/dgamroth/workspaces/codex/pipewire/pipewire/doc/dox/internals/benchmark-data/polling-data-loop-pmu-2026-08-25-record/stat-l1d-sources16-rt0-rep3.csv --delay=-1 --control=fd:4,9 -e {cycles:u,instructions:u,L1-dcache-loads:u,L1-dcache-load-misses:u} -t 1220009
benchmark-stdout:
scan work-sources=16 probe-sources=1 contention=none samples=1000000 warmup=1000000 caller-cpu=12 loop-cpu=14 requested-rt-priority=0 observed-loop-cpu=14 observed-policy=0 observed-priority=0 scheduler-error=0 rate=15948833.8/s p50=0.060us p90=0.070us p99=0.130us p99.9=0.141us max=9.228us control-submitted=0 control-completed=0 control-failed=0
benchmark-stderr:
perf-stdout:
perf-stderr:
Events disabled
Events enabled
Events disabled


$ /home/dgamroth/workspaces/codex/pipewire/pipewire/build/src/tests/pw-test-polling-data-loop --benchmark-scan 0 none 1000000 1000000 12 14 88 /tmp/pw-polling-profile-aagty2rg/faults-sources0-rt88-rep3.csv
$ perf stat --no-big-num -x ; --output /home/dgamroth/workspaces/codex/pipewire/pipewire/doc/dox/internals/benchmark-data/polling-data-loop-pmu-2026-08-25-record/stat-faults-sources0-rt88-rep3.csv --delay=-1 --control=fd:4,9 -e {page-faults,minor-faults,major-faults,context-switches,cpu-migrations} -t 1220034
benchmark-stdout:
scan work-sources=0 probe-sources=1 contention=none samples=1000000 warmup=1000000 caller-cpu=12 loop-cpu=14 requested-rt-priority=88 observed-loop-cpu=14 observed-policy=1 observed-priority=88 scheduler-error=0 rate=23873096.2/s p50=0.040us p90=0.050us p99=0.080us p99.9=0.100us max=9.618us control-submitted=0 control-completed=0 control-failed=0
benchmark-stderr:
perf-stdout:
perf-stderr:
Events disabled
Events enabled
Events disabled


$ /home/dgamroth/workspaces/codex/pipewire/pipewire/build/src/tests/pw-test-polling-data-loop --benchmark-scan 4 none 1000000 1000000 12 14 0 /tmp/pw-polling-profile-aagty2rg/faults-sources4-rt0-rep3.csv
$ perf stat --no-big-num -x ; --output /home/dgamroth/workspaces/codex/pipewire/pipewire/doc/dox/internals/benchmark-data/polling-data-loop-pmu-2026-08-25-record/stat-faults-sources4-rt0-rep3.csv --delay=-1 --control=fd:4,9 -e {page-faults,minor-faults,major-faults,context-switches,cpu-migrations} -t 1220051
benchmark-stdout:
scan work-sources=4 probe-sources=1 contention=none samples=1000000 warmup=1000000 caller-cpu=12 loop-cpu=14 requested-rt-priority=0 observed-loop-cpu=14 observed-policy=0 observed-priority=0 scheduler-error=0 rate=21810552.4/s p50=0.050us p90=0.050us p99=0.100us p99.9=0.101us max=6.763us control-submitted=0 control-completed=0 control-failed=0
benchmark-stderr:
perf-stdout:
perf-stderr:
Events disabled
Events enabled
Events disabled


$ /home/dgamroth/workspaces/codex/pipewire/pipewire/build/src/tests/pw-test-polling-data-loop --benchmark-scan 64 none 1000000 1000000 12 14 0 /tmp/pw-polling-profile-aagty2rg/l1d-sources64-rt0-rep3.csv
$ perf stat --no-big-num -x ; --output /home/dgamroth/workspaces/codex/pipewire/pipewire/doc/dox/internals/benchmark-data/polling-data-loop-pmu-2026-08-25-record/stat-l1d-sources64-rt0-rep3.csv --delay=-1 --control=fd:4,9 -e {cycles:u,instructions:u,L1-dcache-loads:u,L1-dcache-load-misses:u} -t 1220076
benchmark-stdout:
scan work-sources=64 probe-sources=1 contention=none samples=1000000 warmup=1000000 caller-cpu=12 loop-cpu=14 requested-rt-priority=0 observed-loop-cpu=14 observed-policy=0 observed-priority=0 scheduler-error=0 rate=6560427.2/s p50=0.150us p90=0.160us p99=0.190us p99.9=0.351us max=13.365us control-submitted=0 control-completed=0 control-failed=0
benchmark-stderr:
perf-stdout:
perf-stderr:
Events disabled
Events enabled
Events disabled


$ /home/dgamroth/workspaces/codex/pipewire/pipewire/build/src/tests/pw-test-polling-data-loop --benchmark-scan 16 none 1000000 1000000 12 14 88 /tmp/pw-polling-profile-aagty2rg/l2-sources16-rt88-rep3.csv
$ perf stat --no-big-num -x ; --output /home/dgamroth/workspaces/codex/pipewire/pipewire/doc/dox/internals/benchmark-data/polling-data-loop-pmu-2026-08-25-record/stat-l2-sources16-rt88-rep3.csv --delay=-1 --control=fd:4,9 -e {cycles:u,instructions:u,l2_request_g1.all_no_prefetch:u,l2_cache_req_stat.ic_dc_miss_in_l2:u} -t 1220092
benchmark-stdout:
scan work-sources=16 probe-sources=1 contention=none samples=1000000 warmup=1000000 caller-cpu=12 loop-cpu=14 requested-rt-priority=88 observed-loop-cpu=14 observed-policy=1 observed-priority=88 scheduler-error=0 rate=15940212.2/s p50=0.060us p90=0.070us p99=0.130us p99.9=0.141us max=7.474us control-submitted=0 control-completed=0 control-failed=0
benchmark-stderr:
perf-stdout:
perf-stderr:
Events disabled
Events enabled
Events disabled


$ /home/dgamroth/workspaces/codex/pipewire/pipewire/build/src/tests/pw-test-polling-data-loop --benchmark-scan 64 none 1000000 1000000 12 14 0 /tmp/pw-polling-profile-aagty2rg/dtlb-sources64-rt0-rep3.csv
$ perf stat --no-big-num -x ; --output /home/dgamroth/workspaces/codex/pipewire/pipewire/doc/dox/internals/benchmark-data/polling-data-loop-pmu-2026-08-25-record/stat-dtlb-sources64-rt0-rep3.csv --delay=-1 --control=fd:4,9 -e {cycles:u,instructions:u,l1_dtlb_misses:u,l2_dtlb_misses:u} -t 1220102
benchmark-stdout:
scan work-sources=64 probe-sources=1 contention=none samples=1000000 warmup=1000000 caller-cpu=12 loop-cpu=14 requested-rt-priority=0 observed-loop-cpu=14 observed-policy=0 observed-priority=0 scheduler-error=0 rate=6556016.0/s p50=0.150us p90=0.160us p99=0.171us p99.9=0.331us max=6.072us control-submitted=0 control-completed=0 control-failed=0
benchmark-stderr:
perf-stdout:
perf-stderr:
Events disabled
Events enabled
Events disabled


$ /home/dgamroth/workspaces/codex/pipewire/pipewire/build/src/tests/pw-test-polling-data-loop --benchmark-scan 1 none 1000000 1000000 12 14 88 /tmp/pw-polling-profile-aagty2rg/faults-sources1-rt88-rep3.csv
$ perf stat --no-big-num -x ; --output /home/dgamroth/workspaces/codex/pipewire/pipewire/doc/dox/internals/benchmark-data/polling-data-loop-pmu-2026-08-25-record/stat-faults-sources1-rt88-rep3.csv --delay=-1 --control=fd:4,9 -e {page-faults,minor-faults,major-faults,context-switches,cpu-migrations} -t 1220141
benchmark-stdout:
scan work-sources=1 probe-sources=1 contention=none samples=1000000 warmup=1000000 caller-cpu=12 loop-cpu=14 requested-rt-priority=88 observed-loop-cpu=14 observed-policy=1 observed-priority=88 scheduler-error=0 rate=22722741.6/s p50=0.040us p90=0.050us p99=0.090us p99.9=0.101us max=13.996us control-submitted=0 control-completed=0 control-failed=0
benchmark-stderr:
perf-stdout:
perf-stderr:
Events disabled
Events enabled
Events disabled


$ /home/dgamroth/workspaces/codex/pipewire/pipewire/build/src/tests/pw-test-polling-data-loop --benchmark-scan 0 none 1000000 1000000 12 14 0 /tmp/pw-polling-profile-aagty2rg/l1d-sources0-rt0-rep3.csv
$ perf stat --no-big-num -x ; --output /home/dgamroth/workspaces/codex/pipewire/pipewire/doc/dox/internals/benchmark-data/polling-data-loop-pmu-2026-08-25-record/stat-l1d-sources0-rt0-rep3.csv --delay=-1 --control=fd:4,9 -e {cycles:u,instructions:u,L1-dcache-loads:u,L1-dcache-load-misses:u} -t 1220168
benchmark-stdout:
scan work-sources=0 probe-sources=1 contention=none samples=1000000 warmup=1000000 caller-cpu=12 loop-cpu=14 requested-rt-priority=0 observed-loop-cpu=14 observed-policy=0 observed-priority=0 scheduler-error=0 rate=24129951.8/s p50=0.040us p90=0.041us p99=0.090us p99.9=0.091us max=8.095us control-submitted=0 control-completed=0 control-failed=0
benchmark-stderr:
perf-stdout:
perf-stderr:
Events disabled
Events enabled
Events disabled


$ /home/dgamroth/workspaces/codex/pipewire/pipewire/build/src/tests/pw-test-polling-data-loop --benchmark-scan 4 none 1000000 1000000 12 14 88 /tmp/pw-polling-profile-aagty2rg/l1d-sources4-rt88-rep3.csv
$ perf stat --no-big-num -x ; --output /home/dgamroth/workspaces/codex/pipewire/pipewire/doc/dox/internals/benchmark-data/polling-data-loop-pmu-2026-08-25-record/stat-l1d-sources4-rt88-rep3.csv --delay=-1 --control=fd:4,9 -e {cycles:u,instructions:u,L1-dcache-loads:u,L1-dcache-load-misses:u} -t 1220178
benchmark-stdout:
scan work-sources=4 probe-sources=1 contention=none samples=1000000 warmup=1000000 caller-cpu=12 loop-cpu=14 requested-rt-priority=88 observed-loop-cpu=14 observed-policy=1 observed-priority=88 scheduler-error=0 rate=20631198.3/s p50=0.050us p90=0.051us p99=0.091us p99.9=0.101us max=20.949us control-submitted=0 control-completed=0 control-failed=0
benchmark-stderr:
perf-stdout:
perf-stderr:
Events disabled
Events enabled
Events disabled


$ /home/dgamroth/workspaces/codex/pipewire/pipewire/build/src/tests/pw-test-polling-data-loop --benchmark-scan 0 none 1000000 1000000 12 14 0 /tmp/pw-polling-profile-aagty2rg/core-sources0-rt0-rep3.csv
$ perf stat --no-big-num -x ; --output /home/dgamroth/workspaces/codex/pipewire/pipewire/doc/dox/internals/benchmark-data/polling-data-loop-pmu-2026-08-25-record/stat-core-sources0-rt0-rep3.csv --delay=-1 --control=fd:4,9 -e {cycles:u,instructions:u,branches:u,branch-misses:u} -t 1220211
benchmark-stdout:
scan work-sources=0 probe-sources=1 contention=none samples=1000000 warmup=1000000 caller-cpu=12 loop-cpu=14 requested-rt-priority=0 observed-loop-cpu=14 observed-policy=0 observed-priority=0 scheduler-error=0 rate=24145315.6/s p50=0.040us p90=0.041us p99=0.090us p99.9=0.091us max=8.035us control-submitted=0 control-completed=0 control-failed=0
benchmark-stderr:
perf-stdout:
perf-stderr:
Events disabled
Events enabled
Events disabled


$ /home/dgamroth/workspaces/codex/pipewire/pipewire/build/src/tests/pw-test-polling-data-loop --benchmark-scan 1 none 1000000 1000000 12 14 88 /tmp/pw-polling-profile-aagty2rg/core-sources1-rt88-rep3.csv
$ perf stat --no-big-num -x ; --output /home/dgamroth/workspaces/codex/pipewire/pipewire/doc/dox/internals/benchmark-data/polling-data-loop-pmu-2026-08-25-record/stat-core-sources1-rt88-rep3.csv --delay=-1 --control=fd:4,9 -e {cycles:u,instructions:u,branches:u,branch-misses:u} -t 1220223
benchmark-stdout:
scan work-sources=1 probe-sources=1 contention=none samples=1000000 warmup=1000000 caller-cpu=12 loop-cpu=14 requested-rt-priority=88 observed-loop-cpu=14 observed-policy=1 observed-priority=88 scheduler-error=0 rate=23198879.6/s p50=0.040us p90=0.050us p99=0.090us p99.9=0.101us max=13.525us control-submitted=0 control-completed=0 control-failed=0
benchmark-stderr:
perf-stdout:
perf-stderr:
Events disabled
Events enabled
Events disabled


$ /home/dgamroth/workspaces/codex/pipewire/pipewire/build/src/tests/pw-test-polling-data-loop --benchmark-scan 1 none 1000000 1000000 12 14 88 /tmp/pw-polling-profile-aagty2rg/dtlb-sources1-rt88-rep3.csv
$ perf stat --no-big-num -x ; --output /home/dgamroth/workspaces/codex/pipewire/pipewire/doc/dox/internals/benchmark-data/polling-data-loop-pmu-2026-08-25-record/stat-dtlb-sources1-rt88-rep3.csv --delay=-1 --control=fd:4,9 -e {cycles:u,instructions:u,l1_dtlb_misses:u,l2_dtlb_misses:u} -t 1220271
benchmark-stdout:
scan work-sources=1 probe-sources=1 contention=none samples=1000000 warmup=1000000 caller-cpu=12 loop-cpu=14 requested-rt-priority=88 observed-loop-cpu=14 observed-policy=1 observed-priority=88 scheduler-error=0 rate=23472394.3/s p50=0.040us p90=0.050us p99=0.090us p99.9=0.100us max=38.352us control-submitted=0 control-completed=0 control-failed=0
benchmark-stderr:
perf-stdout:
perf-stderr:
Events disabled
Events enabled
Events disabled


$ /home/dgamroth/workspaces/codex/pipewire/pipewire/build/src/tests/pw-test-polling-data-loop --benchmark-scan 64 none 1000000 1000000 12 14 0 /tmp/pw-polling-profile-aagty2rg/l2-sources64-rt0-rep3.csv
$ perf stat --no-big-num -x ; --output /home/dgamroth/workspaces/codex/pipewire/pipewire/doc/dox/internals/benchmark-data/polling-data-loop-pmu-2026-08-25-record/stat-l2-sources64-rt0-rep3.csv --delay=-1 --control=fd:4,9 -e {cycles:u,instructions:u,l2_request_g1.all_no_prefetch:u,l2_cache_req_stat.ic_dc_miss_in_l2:u} -t 1220275
benchmark-stdout:
scan work-sources=64 probe-sources=1 contention=none samples=1000000 warmup=1000000 caller-cpu=12 loop-cpu=14 requested-rt-priority=0 observed-loop-cpu=14 observed-policy=0 observed-priority=0 scheduler-error=0 rate=6514693.1/s p50=0.150us p90=0.160us p99=0.200us p99.9=0.341us max=23.774us control-submitted=0 control-completed=0 control-failed=0
benchmark-stderr:
perf-stdout:
perf-stderr:
Events disabled
Events enabled
Events disabled


$ /home/dgamroth/workspaces/codex/pipewire/pipewire/build/src/tests/pw-test-polling-data-loop --benchmark-scan 1 none 1000000 1000000 12 14 0 /tmp/pw-polling-profile-aagty2rg/l2-sources1-rt0-rep3.csv
$ perf stat --no-big-num -x ; --output /home/dgamroth/workspaces/codex/pipewire/pipewire/doc/dox/internals/benchmark-data/polling-data-loop-pmu-2026-08-25-record/stat-l2-sources1-rt0-rep3.csv --delay=-1 --control=fd:4,9 -e {cycles:u,instructions:u,l2_request_g1.all_no_prefetch:u,l2_cache_req_stat.ic_dc_miss_in_l2:u} -t 1220315
benchmark-stdout:
scan work-sources=1 probe-sources=1 contention=none samples=1000000 warmup=1000000 caller-cpu=12 loop-cpu=14 requested-rt-priority=0 observed-loop-cpu=14 observed-policy=0 observed-priority=0 scheduler-error=0 rate=23465032.5/s p50=0.040us p90=0.050us p99=0.061us p99.9=0.100us max=11.451us control-submitted=0 control-completed=0 control-failed=0
benchmark-stderr:
perf-stdout:
perf-stderr:
Events disabled
Events enabled
Events disabled


$ /home/dgamroth/workspaces/codex/pipewire/pipewire/build/src/tests/pw-test-polling-data-loop --benchmark-scan 64 none 1000000 1000000 12 14 88 /tmp/pw-polling-profile-aagty2rg/core-sources64-rt88-rep3.csv
$ perf stat --no-big-num -x ; --output /home/dgamroth/workspaces/codex/pipewire/pipewire/doc/dox/internals/benchmark-data/polling-data-loop-pmu-2026-08-25-record/stat-core-sources64-rt88-rep3.csv --delay=-1 --control=fd:4,9 -e {cycles:u,instructions:u,branches:u,branch-misses:u} -t 1220334
benchmark-stdout:
scan work-sources=64 probe-sources=1 contention=none samples=1000000 warmup=1000000 caller-cpu=12 loop-cpu=14 requested-rt-priority=88 observed-loop-cpu=14 observed-policy=1 observed-priority=88 scheduler-error=0 rate=6480666.1/s p50=0.150us p90=0.160us p99=0.211us p99.9=0.310us max=10.680us control-submitted=0 control-completed=0 control-failed=0
benchmark-stderr:
perf-stdout:
perf-stderr:
Events disabled
Events enabled
Events disabled


$ /home/dgamroth/workspaces/codex/pipewire/pipewire/build/src/tests/pw-test-polling-data-loop --benchmark-scan 64 none 1000000 1000000 12 14 0 /tmp/pw-polling-profile-aagty2rg/core-sources64-rt0-rep3.csv
$ perf stat --no-big-num -x ; --output /home/dgamroth/workspaces/codex/pipewire/pipewire/doc/dox/internals/benchmark-data/polling-data-loop-pmu-2026-08-25-record/stat-core-sources64-rt0-rep3.csv --delay=-1 --control=fd:4,9 -e {cycles:u,instructions:u,branches:u,branch-misses:u} -t 1220356
benchmark-stdout:
scan work-sources=64 probe-sources=1 contention=none samples=1000000 warmup=1000000 caller-cpu=12 loop-cpu=14 requested-rt-priority=0 observed-loop-cpu=14 observed-policy=0 observed-priority=0 scheduler-error=0 rate=6472434.8/s p50=0.150us p90=0.161us p99=0.171us p99.9=0.331us max=21.019us control-submitted=0 control-completed=0 control-failed=0
benchmark-stderr:
perf-stdout:
perf-stderr:
Events disabled
Events enabled
Events disabled


$ /home/dgamroth/workspaces/codex/pipewire/pipewire/build/src/tests/pw-test-polling-data-loop --benchmark-scan 64 none 1000000 1000000 12 14 0 /tmp/pw-polling-profile-aagty2rg/faults-sources64-rt0-rep3.csv
$ perf stat --no-big-num -x ; --output /home/dgamroth/workspaces/codex/pipewire/pipewire/doc/dox/internals/benchmark-data/polling-data-loop-pmu-2026-08-25-record/stat-faults-sources64-rt0-rep3.csv --delay=-1 --control=fd:4,9 -e {page-faults,minor-faults,major-faults,context-switches,cpu-migrations} -t 1220380
benchmark-stdout:
scan work-sources=64 probe-sources=1 contention=none samples=1000000 warmup=1000000 caller-cpu=12 loop-cpu=14 requested-rt-priority=0 observed-loop-cpu=14 observed-policy=0 observed-priority=0 scheduler-error=0 rate=6470402.8/s p50=0.150us p90=0.161us p99=0.210us p99.9=0.300us max=8.235us control-submitted=0 control-completed=0 control-failed=0
benchmark-stderr:
perf-stdout:
perf-stderr:
Events disabled
Events enabled
Events disabled


$ /home/dgamroth/workspaces/codex/pipewire/pipewire/build/src/tests/pw-test-polling-data-loop --benchmark-scan 4 none 1000000 1000000 12 14 88 /tmp/pw-polling-profile-aagty2rg/dtlb-sources4-rt88-rep3.csv
$ perf stat --no-big-num -x ; --output /home/dgamroth/workspaces/codex/pipewire/pipewire/doc/dox/internals/benchmark-data/polling-data-loop-pmu-2026-08-25-record/stat-dtlb-sources4-rt88-rep3.csv --delay=-1 --control=fd:4,9 -e {cycles:u,instructions:u,l1_dtlb_misses:u,l2_dtlb_misses:u} -t 1220399
benchmark-stdout:
scan work-sources=4 probe-sources=1 contention=none samples=1000000 warmup=1000000 caller-cpu=12 loop-cpu=14 requested-rt-priority=88 observed-loop-cpu=14 observed-policy=1 observed-priority=88 scheduler-error=0 rate=22052714.3/s p50=0.041us p90=0.050us p99=0.051us p99.9=0.101us max=5.610us control-submitted=0 control-completed=0 control-failed=0
benchmark-stderr:
perf-stdout:
perf-stderr:
Events disabled
Events enabled
Events disabled


$ /home/dgamroth/workspaces/codex/pipewire/pipewire/build/src/tests/pw-test-polling-data-loop --benchmark-scan 0 none 1000000 1000000 12 14 88 /tmp/pw-polling-profile-aagty2rg/l1d-sources0-rt88-rep3.csv
$ perf stat --no-big-num -x ; --output /home/dgamroth/workspaces/codex/pipewire/pipewire/doc/dox/internals/benchmark-data/polling-data-loop-pmu-2026-08-25-record/stat-l1d-sources0-rt88-rep3.csv --delay=-1 --control=fd:4,9 -e {cycles:u,instructions:u,L1-dcache-loads:u,L1-dcache-load-misses:u} -t 1220409
benchmark-stdout:
scan work-sources=0 probe-sources=1 contention=none samples=1000000 warmup=1000000 caller-cpu=12 loop-cpu=14 requested-rt-priority=88 observed-loop-cpu=14 observed-policy=1 observed-priority=88 scheduler-error=0 rate=23677344.5/s p50=0.040us p90=0.050us p99=0.090us p99.9=0.091us max=6.351us control-submitted=0 control-completed=0 control-failed=0
benchmark-stderr:
perf-stdout:
perf-stderr:
Events disabled
Events enabled
Events disabled


$ /home/dgamroth/workspaces/codex/pipewire/pipewire/build/src/tests/pw-test-polling-data-loop --benchmark-scan 4 none 1000000 1000000 12 14 88 /tmp/pw-polling-profile-aagty2rg/l2-sources4-rt88-rep3.csv
$ perf stat --no-big-num -x ; --output /home/dgamroth/workspaces/codex/pipewire/pipewire/doc/dox/internals/benchmark-data/polling-data-loop-pmu-2026-08-25-record/stat-l2-sources4-rt88-rep3.csv --delay=-1 --control=fd:4,9 -e {cycles:u,instructions:u,l2_request_g1.all_no_prefetch:u,l2_cache_req_stat.ic_dc_miss_in_l2:u} -t 1220440
benchmark-stdout:
scan work-sources=4 probe-sources=1 contention=none samples=1000000 warmup=1000000 caller-cpu=12 loop-cpu=14 requested-rt-priority=88 observed-loop-cpu=14 observed-policy=1 observed-priority=88 scheduler-error=0 rate=21839936.0/s p50=0.050us p90=0.050us p99=0.100us p99.9=0.101us max=6.583us control-submitted=0 control-completed=0 control-failed=0
benchmark-stderr:
perf-stdout:
perf-stderr:
Events disabled
Events enabled
Events disabled


$ /home/dgamroth/workspaces/codex/pipewire/pipewire/build/src/tests/pw-test-polling-data-loop --benchmark-scan 1 none 1000000 1000000 12 14 0 /tmp/pw-polling-profile-aagty2rg/dtlb-sources1-rt0-rep3.csv
$ perf stat --no-big-num -x ; --output /home/dgamroth/workspaces/codex/pipewire/pipewire/doc/dox/internals/benchmark-data/polling-data-loop-pmu-2026-08-25-record/stat-dtlb-sources1-rt0-rep3.csv --delay=-1 --control=fd:4,9 -e {cycles:u,instructions:u,l1_dtlb_misses:u,l2_dtlb_misses:u} -t 1220450
benchmark-stdout:
scan work-sources=1 probe-sources=1 contention=none samples=1000000 warmup=1000000 caller-cpu=12 loop-cpu=14 requested-rt-priority=0 observed-loop-cpu=14 observed-policy=0 observed-priority=0 scheduler-error=0 rate=21786943.8/s p50=0.050us p90=0.050us p99=0.060us p99.9=0.110us max=6.793us control-submitted=0 control-completed=0 control-failed=0
benchmark-stderr:
perf-stdout:
perf-stderr:
Events disabled
Events enabled
Events disabled


$ /home/dgamroth/workspaces/codex/pipewire/pipewire/build/src/tests/pw-test-polling-data-loop --benchmark-scan 64 none 1000000 1000000 12 14 88 /tmp/pw-polling-profile-aagty2rg/l1d-sources64-rt88-rep3.csv
$ perf stat --no-big-num -x ; --output /home/dgamroth/workspaces/codex/pipewire/pipewire/doc/dox/internals/benchmark-data/polling-data-loop-pmu-2026-08-25-record/stat-l1d-sources64-rt88-rep3.csv --delay=-1 --control=fd:4,9 -e {cycles:u,instructions:u,L1-dcache-loads:u,L1-dcache-load-misses:u} -t 1220460
benchmark-stdout:
scan work-sources=64 probe-sources=1 contention=none samples=1000000 warmup=1000000 caller-cpu=12 loop-cpu=14 requested-rt-priority=88 observed-loop-cpu=14 observed-policy=1 observed-priority=88 scheduler-error=0 rate=6576330.0/s p50=0.150us p90=0.151us p99=0.161us p99.9=0.331us max=7.443us control-submitted=0 control-completed=0 control-failed=0
benchmark-stderr:
perf-stdout:
perf-stderr:
Events disabled
Events enabled
Events disabled


$ /home/dgamroth/workspaces/codex/pipewire/pipewire/build/src/tests/pw-test-polling-data-loop --benchmark-scan 16 none 1000000 1000000 12 14 0 /tmp/pw-polling-profile-aagty2rg/core-sources16-rt0-rep3.csv
$ perf stat --no-big-num -x ; --output /home/dgamroth/workspaces/codex/pipewire/pipewire/doc/dox/internals/benchmark-data/polling-data-loop-pmu-2026-08-25-record/stat-core-sources16-rt0-rep3.csv --delay=-1 --control=fd:4,9 -e {cycles:u,instructions:u,branches:u,branch-misses:u} -t 1220492
benchmark-stdout:
scan work-sources=16 probe-sources=1 contention=none samples=1000000 warmup=1000000 caller-cpu=12 loop-cpu=14 requested-rt-priority=0 observed-loop-cpu=14 observed-policy=0 observed-priority=0 scheduler-error=0 rate=15895169.2/s p50=0.060us p90=0.070us p99=0.130us p99.9=0.141us max=8.095us control-submitted=0 control-completed=0 control-failed=0
benchmark-stderr:
perf-stdout:
perf-stderr:
Events disabled
Events enabled
Events disabled


$ /home/dgamroth/workspaces/codex/pipewire/pipewire/build/src/tests/pw-test-polling-data-loop --benchmark-scan 16 none 1000000 1000000 12 14 88 /tmp/pw-polling-profile-aagty2rg/faults-sources16-rt88-rep3.csv
$ perf stat --no-big-num -x ; --output /home/dgamroth/workspaces/codex/pipewire/pipewire/doc/dox/internals/benchmark-data/polling-data-loop-pmu-2026-08-25-record/stat-faults-sources16-rt88-rep3.csv --delay=-1 --control=fd:4,9 -e {page-faults,minor-faults,major-faults,context-switches,cpu-migrations} -t 1220503
benchmark-stdout:
scan work-sources=16 probe-sources=1 contention=none samples=1000000 warmup=1000000 caller-cpu=12 loop-cpu=14 requested-rt-priority=88 observed-loop-cpu=14 observed-policy=1 observed-priority=88 scheduler-error=0 rate=14088016.9/s p50=0.070us p90=0.080us p99=0.110us p99.9=0.151us max=12.493us control-submitted=0 control-completed=0 control-failed=0
benchmark-stderr:
perf-stdout:
perf-stderr:
Events disabled
Events enabled
Events disabled


$ /home/dgamroth/workspaces/codex/pipewire/pipewire/build/src/tests/pw-test-polling-data-loop --benchmark-scan 4 none 1000000 1000000 12 14 88 /tmp/pw-polling-profile-aagty2rg/core-sources4-rt88-rep3.csv
$ perf stat --no-big-num -x ; --output /home/dgamroth/workspaces/codex/pipewire/pipewire/doc/dox/internals/benchmark-data/polling-data-loop-pmu-2026-08-25-record/stat-core-sources4-rt88-rep3.csv --delay=-1 --control=fd:4,9 -e {cycles:u,instructions:u,branches:u,branch-misses:u} -t 1220551
benchmark-stdout:
scan work-sources=4 probe-sources=1 contention=none samples=1000000 warmup=1000000 caller-cpu=12 loop-cpu=14 requested-rt-priority=88 observed-loop-cpu=14 observed-policy=1 observed-priority=88 scheduler-error=0 rate=21757659.9/s p50=0.050us p90=0.050us p99=0.090us p99.9=0.101us max=10.470us control-submitted=0 control-completed=0 control-failed=0
benchmark-stderr:
perf-stdout:
perf-stderr:
Events disabled
Events enabled
Events disabled


$ /home/dgamroth/workspaces/codex/pipewire/pipewire/build/src/tests/pw-test-polling-data-loop --benchmark-scan 4 none 1000000 1000000 12 14 0 /tmp/pw-polling-profile-aagty2rg/dtlb-sources4-rt0-rep3.csv
$ perf stat --no-big-num -x ; --output /home/dgamroth/workspaces/codex/pipewire/pipewire/doc/dox/internals/benchmark-data/polling-data-loop-pmu-2026-08-25-record/stat-dtlb-sources4-rt0-rep3.csv --delay=-1 --control=fd:4,9 -e {cycles:u,instructions:u,l1_dtlb_misses:u,l2_dtlb_misses:u} -t 1220561
benchmark-stdout:
scan work-sources=4 probe-sources=1 contention=none samples=1000000 warmup=1000000 caller-cpu=12 loop-cpu=14 requested-rt-priority=0 observed-loop-cpu=14 observed-policy=0 observed-priority=0 scheduler-error=0 rate=21694606.5/s p50=0.050us p90=0.050us p99=0.100us p99.9=0.101us max=6.111us control-submitted=0 control-completed=0 control-failed=0
benchmark-stderr:
perf-stdout:
perf-stderr:
Events disabled
Events enabled
Events disabled


$ /home/dgamroth/workspaces/codex/pipewire/pipewire/build/src/tests/pw-test-polling-data-loop --benchmark-scan 16 none 1000000 1000000 12 14 88 /tmp/pw-polling-profile-aagty2rg/core-sources16-rt88-rep3.csv
$ perf stat --no-big-num -x ; --output /home/dgamroth/workspaces/codex/pipewire/pipewire/doc/dox/internals/benchmark-data/polling-data-loop-pmu-2026-08-25-record/stat-core-sources16-rt88-rep3.csv --delay=-1 --control=fd:4,9 -e {cycles:u,instructions:u,branches:u,branch-misses:u} -t 1220577
benchmark-stdout:
scan work-sources=16 probe-sources=1 contention=none samples=1000000 warmup=1000000 caller-cpu=12 loop-cpu=14 requested-rt-priority=88 observed-loop-cpu=14 observed-policy=1 observed-priority=88 scheduler-error=0 rate=15873409.4/s p50=0.060us p90=0.070us p99=0.130us p99.9=0.141us max=5.620us control-submitted=0 control-completed=0 control-failed=0
benchmark-stderr:
perf-stdout:
perf-stderr:
Events disabled
Events enabled
Events disabled


$ /home/dgamroth/workspaces/codex/pipewire/pipewire/build/src/tests/pw-test-polling-data-loop --benchmark-scan 64 none 1000000 1000000 12 14 88 /tmp/pw-polling-profile-aagty2rg/faults-sources64-rt88-rep3.csv
$ perf stat --no-big-num -x ; --output /home/dgamroth/workspaces/codex/pipewire/pipewire/doc/dox/internals/benchmark-data/polling-data-loop-pmu-2026-08-25-record/stat-faults-sources64-rt88-rep3.csv --delay=-1 --control=fd:4,9 -e {page-faults,minor-faults,major-faults,context-switches,cpu-migrations} -t 1220596
benchmark-stdout:
scan work-sources=64 probe-sources=1 contention=none samples=1000000 warmup=1000000 caller-cpu=12 loop-cpu=14 requested-rt-priority=88 observed-loop-cpu=14 observed-policy=1 observed-priority=88 scheduler-error=0 rate=6554845.8/s p50=0.150us p90=0.160us p99=0.190us p99.9=0.230us max=35.727us control-submitted=0 control-completed=0 control-failed=0
benchmark-stderr:
perf-stdout:
perf-stderr:
Events disabled
Events enabled
Events disabled


$ /home/dgamroth/workspaces/codex/pipewire/pipewire/build/src/tests/pw-test-polling-data-loop --benchmark-scan 4 none 1000000 1000000 12 14 0 /tmp/pw-polling-profile-aagty2rg/l2-sources4-rt0-rep3.csv
$ perf stat --no-big-num -x ; --output /home/dgamroth/workspaces/codex/pipewire/pipewire/doc/dox/internals/benchmark-data/polling-data-loop-pmu-2026-08-25-record/stat-l2-sources4-rt0-rep3.csv --delay=-1 --control=fd:4,9 -e {cycles:u,instructions:u,l2_request_g1.all_no_prefetch:u,l2_cache_req_stat.ic_dc_miss_in_l2:u} -t 1220636
benchmark-stdout:
scan work-sources=4 probe-sources=1 contention=none samples=1000000 warmup=1000000 caller-cpu=12 loop-cpu=14 requested-rt-priority=0 observed-loop-cpu=14 observed-policy=0 observed-priority=0 scheduler-error=0 rate=21656272.6/s p50=0.050us p90=0.050us p99=0.100us p99.9=0.101us max=6.703us control-submitted=0 control-completed=0 control-failed=0
benchmark-stderr:
perf-stdout:
perf-stderr:
Events disabled
Events enabled
Events disabled


$ /home/dgamroth/workspaces/codex/pipewire/pipewire/build/src/tests/pw-test-polling-data-loop --benchmark-scan 16 none 1000000 1000000 12 14 0 /tmp/pw-polling-profile-aagty2rg/faults-sources16-rt0-rep3.csv
$ perf stat --no-big-num -x ; --output /home/dgamroth/workspaces/codex/pipewire/pipewire/doc/dox/internals/benchmark-data/polling-data-loop-pmu-2026-08-25-record/stat-faults-sources16-rt0-rep3.csv --delay=-1 --control=fd:4,9 -e {page-faults,minor-faults,major-faults,context-switches,cpu-migrations} -t 1220655
benchmark-stdout:
scan work-sources=16 probe-sources=1 contention=none samples=1000000 warmup=1000000 caller-cpu=12 loop-cpu=14 requested-rt-priority=0 observed-loop-cpu=14 observed-policy=0 observed-priority=0 scheduler-error=0 rate=16021835.1/s p50=0.060us p90=0.070us p99=0.071us p99.9=0.140us max=9.528us control-submitted=0 control-completed=0 control-failed=0
benchmark-stderr:
perf-stdout:
perf-stderr:
Events disabled
Events enabled
Events disabled


$ /home/dgamroth/workspaces/codex/pipewire/pipewire/build/src/tests/pw-test-polling-data-loop --benchmark-scan 0 none 1000000 1000000 12 14 88 /tmp/pw-polling-profile-aagty2rg/dtlb-sources0-rt88-rep3.csv
$ perf stat --no-big-num -x ; --output /home/dgamroth/workspaces/codex/pipewire/pipewire/doc/dox/internals/benchmark-data/polling-data-loop-pmu-2026-08-25-record/stat-dtlb-sources0-rt88-rep3.csv --delay=-1 --control=fd:4,9 -e {cycles:u,instructions:u,l1_dtlb_misses:u,l2_dtlb_misses:u} -t 1220677
benchmark-stdout:
scan work-sources=0 probe-sources=1 contention=none samples=1000000 warmup=1000000 caller-cpu=12 loop-cpu=14 requested-rt-priority=88 observed-loop-cpu=14 observed-policy=1 observed-priority=88 scheduler-error=0 rate=23976515.1/s p50=0.040us p90=0.050us p99=0.090us p99.9=0.091us max=16.290us control-submitted=0 control-completed=0 control-failed=0
benchmark-stderr:
perf-stdout:
perf-stderr:
Events disabled
Events enabled
Events disabled


$ /home/dgamroth/workspaces/codex/pipewire/pipewire/build/src/tests/pw-test-polling-data-loop --benchmark-scan 0 none 1000000 1000000 12 14 88 /tmp/pw-polling-profile-aagty2rg/core-sources0-rt88-rep3.csv
$ perf stat --no-big-num -x ; --output /home/dgamroth/workspaces/codex/pipewire/pipewire/doc/dox/internals/benchmark-data/polling-data-loop-pmu-2026-08-25-record/stat-core-sources0-rt88-rep3.csv --delay=-1 --control=fd:4,9 -e {cycles:u,instructions:u,branches:u,branch-misses:u} -t 1220681
benchmark-stdout:
scan work-sources=0 probe-sources=1 contention=none samples=1000000 warmup=1000000 caller-cpu=12 loop-cpu=14 requested-rt-priority=88 observed-loop-cpu=14 observed-policy=1 observed-priority=88 scheduler-error=0 rate=24124177.8/s p50=0.040us p90=0.050us p99=0.051us p99.9=0.060us max=5.540us control-submitted=0 control-completed=0 control-failed=0
benchmark-stderr:
perf-stdout:
perf-stderr:
Events disabled
Events enabled
Events disabled


$ /home/dgamroth/workspaces/codex/pipewire/pipewire/build/src/tests/pw-test-polling-data-loop --benchmark-scan 4 none 1000000 1000000 12 14 0 /tmp/pw-polling-profile-aagty2rg/l1d-sources4-rt0-rep3.csv
$ perf stat --no-big-num -x ; --output /home/dgamroth/workspaces/codex/pipewire/pipewire/doc/dox/internals/benchmark-data/polling-data-loop-pmu-2026-08-25-record/stat-l1d-sources4-rt0-rep3.csv --delay=-1 --control=fd:4,9 -e {cycles:u,instructions:u,L1-dcache-loads:u,L1-dcache-load-misses:u} -t 1220719
benchmark-stdout:
scan work-sources=4 probe-sources=1 contention=none samples=1000000 warmup=1000000 caller-cpu=12 loop-cpu=14 requested-rt-priority=0 observed-loop-cpu=14 observed-policy=0 observed-priority=0 scheduler-error=0 rate=21856865.8/s p50=0.050us p90=0.050us p99=0.051us p99.9=0.101us max=6.612us control-submitted=0 control-completed=0 control-failed=0
benchmark-stderr:
perf-stdout:
perf-stderr:
Events disabled
Events enabled
Events disabled


$ /home/dgamroth/workspaces/codex/pipewire/pipewire/build/src/tests/pw-test-polling-data-loop --benchmark-scan 0 none 1000000 1000000 12 14 0 /tmp/pw-polling-profile-aagty2rg/faults-sources0-rt0-rep3.csv
$ perf stat --no-big-num -x ; --output /home/dgamroth/workspaces/codex/pipewire/pipewire/doc/dox/internals/benchmark-data/polling-data-loop-pmu-2026-08-25-record/stat-faults-sources0-rt0-rep3.csv --delay=-1 --control=fd:4,9 -e {page-faults,minor-faults,major-faults,context-switches,cpu-migrations} -t 1220723
benchmark-stdout:
scan work-sources=0 probe-sources=1 contention=none samples=1000000 warmup=1000000 caller-cpu=12 loop-cpu=14 requested-rt-priority=0 observed-loop-cpu=14 observed-policy=0 observed-priority=0 scheduler-error=0 rate=24089808.2/s p50=0.040us p90=0.041us p99=0.090us p99.9=0.091us max=13.385us control-submitted=0 control-completed=0 control-failed=0
benchmark-stderr:
perf-stdout:
perf-stderr:
Events disabled
Events enabled
Events disabled


$ /home/dgamroth/workspaces/codex/pipewire/pipewire/build/src/tests/pw-test-polling-data-loop --benchmark-scan 16 none 1000000 1000000 12 14 0 /tmp/pw-polling-profile-aagty2rg/dtlb-sources16-rt0-rep3.csv
$ perf stat --no-big-num -x ; --output /home/dgamroth/workspaces/codex/pipewire/pipewire/doc/dox/internals/benchmark-data/polling-data-loop-pmu-2026-08-25-record/stat-dtlb-sources16-rt0-rep3.csv --delay=-1 --control=fd:4,9 -e {cycles:u,instructions:u,l1_dtlb_misses:u,l2_dtlb_misses:u} -t 1220739
benchmark-stdout:
scan work-sources=16 probe-sources=1 contention=none samples=1000000 warmup=1000000 caller-cpu=12 loop-cpu=14 requested-rt-priority=0 observed-loop-cpu=14 observed-policy=0 observed-priority=0 scheduler-error=0 rate=15925697.3/s p50=0.060us p90=0.070us p99=0.100us p99.9=0.141us max=27.852us control-submitted=0 control-completed=0 control-failed=0
benchmark-stderr:
perf-stdout:
perf-stderr:
Events disabled
Events enabled
Events disabled


$ /home/dgamroth/workspaces/codex/pipewire/pipewire/build/src/tests/pw-test-polling-data-loop --benchmark-scan 1 none 1000000 1000000 12 14 0 /tmp/pw-polling-profile-aagty2rg/faults-sources1-rt0-rep3.csv
$ perf stat --no-big-num -x ; --output /home/dgamroth/workspaces/codex/pipewire/pipewire/doc/dox/internals/benchmark-data/polling-data-loop-pmu-2026-08-25-record/stat-faults-sources1-rt0-rep3.csv --delay=-1 --control=fd:4,9 -e {page-faults,minor-faults,major-faults,context-switches,cpu-migrations} -t 1220764
benchmark-stdout:
scan work-sources=1 probe-sources=1 contention=none samples=1000000 warmup=1000000 caller-cpu=12 loop-cpu=14 requested-rt-priority=0 observed-loop-cpu=14 observed-policy=0 observed-priority=0 scheduler-error=0 rate=23447790.3/s p50=0.040us p90=0.050us p99=0.060us p99.9=0.100us max=6.272us control-submitted=0 control-completed=0 control-failed=0
benchmark-stderr:
perf-stdout:
perf-stderr:
Events disabled
Events enabled
Events disabled


$ /home/dgamroth/workspaces/codex/pipewire/pipewire/build/src/tests/pw-test-polling-data-loop --benchmark-scan 64 none 1000000 1000000 12 14 88 /tmp/pw-polling-profile-aagty2rg/l2-sources64-rt88-rep3.csv
$ perf stat --no-big-num -x ; --output /home/dgamroth/workspaces/codex/pipewire/pipewire/doc/dox/internals/benchmark-data/polling-data-loop-pmu-2026-08-25-record/stat-l2-sources64-rt88-rep3.csv --delay=-1 --control=fd:4,9 -e {cycles:u,instructions:u,l2_request_g1.all_no_prefetch:u,l2_cache_req_stat.ic_dc_miss_in_l2:u} -t 1220780
benchmark-stdout:
scan work-sources=64 probe-sources=1 contention=none samples=1000000 warmup=1000000 caller-cpu=12 loop-cpu=14 requested-rt-priority=88 observed-loop-cpu=14 observed-policy=1 observed-priority=88 scheduler-error=0 rate=6519603.2/s p50=0.150us p90=0.160us p99=0.180us p99.9=0.331us max=35.026us control-submitted=0 control-completed=0 control-failed=0
benchmark-stderr:
perf-stdout:
perf-stderr:
Events disabled
Events enabled
Events disabled


$ /home/dgamroth/workspaces/codex/pipewire/pipewire/build/src/tests/pw-test-polling-data-loop --benchmark-scan 16 none 1000000 1000000 12 14 88 /tmp/pw-polling-profile-aagty2rg/l1d-sources16-rt88-rep3.csv
$ perf stat --no-big-num -x ; --output /home/dgamroth/workspaces/codex/pipewire/pipewire/doc/dox/internals/benchmark-data/polling-data-loop-pmu-2026-08-25-record/stat-l1d-sources16-rt88-rep3.csv --delay=-1 --control=fd:4,9 -e {cycles:u,instructions:u,L1-dcache-loads:u,L1-dcache-load-misses:u} -t 1220806
benchmark-stdout:
scan work-sources=16 probe-sources=1 contention=none samples=1000000 warmup=1000000 caller-cpu=12 loop-cpu=14 requested-rt-priority=88 observed-loop-cpu=14 observed-policy=1 observed-priority=88 scheduler-error=0 rate=15893210.3/s p50=0.060us p90=0.070us p99=0.130us p99.9=0.141us max=14.838us control-submitted=0 control-completed=0 control-failed=0
benchmark-stderr:
perf-stdout:
perf-stderr:
Events disabled
Events enabled
Events disabled


$ /home/dgamroth/workspaces/codex/pipewire/pipewire/build/src/tests/pw-test-polling-data-loop --benchmark-scan 1 none 1000000 1000000 12 14 88 /tmp/pw-polling-profile-aagty2rg/l1d-sources1-rt88-rep3.csv
$ perf stat --no-big-num -x ; --output /home/dgamroth/workspaces/codex/pipewire/pipewire/doc/dox/internals/benchmark-data/polling-data-loop-pmu-2026-08-25-record/stat-l1d-sources1-rt88-rep3.csv --delay=-1 --control=fd:4,9 -e {cycles:u,instructions:u,L1-dcache-loads:u,L1-dcache-load-misses:u} -t 1220816
benchmark-stdout:
scan work-sources=1 probe-sources=1 contention=none samples=1000000 warmup=1000000 caller-cpu=12 loop-cpu=14 requested-rt-priority=88 observed-loop-cpu=14 observed-policy=1 observed-priority=88 scheduler-error=0 rate=23600471.4/s p50=0.040us p90=0.050us p99=0.051us p99.9=0.070us max=17.783us control-submitted=0 control-completed=0 control-failed=0
benchmark-stderr:
perf-stdout:
perf-stderr:
Events disabled
Events enabled
Events disabled


$ /home/dgamroth/workspaces/codex/pipewire/pipewire/build/src/tests/pw-test-polling-data-loop --benchmark-scan 0 none 1000000 1000000 12 14 88 /tmp/pw-polling-profile-aagty2rg/l2-sources0-rt88-rep3.csv
$ perf stat --no-big-num -x ; --output /home/dgamroth/workspaces/codex/pipewire/pipewire/doc/dox/internals/benchmark-data/polling-data-loop-pmu-2026-08-25-record/stat-l2-sources0-rt88-rep3.csv --delay=-1 --control=fd:4,9 -e {cycles:u,instructions:u,l2_request_g1.all_no_prefetch:u,l2_cache_req_stat.ic_dc_miss_in_l2:u} -t 1220834
benchmark-stdout:
scan work-sources=0 probe-sources=1 contention=none samples=1000000 warmup=1000000 caller-cpu=12 loop-cpu=14 requested-rt-priority=88 observed-loop-cpu=14 observed-policy=1 observed-priority=88 scheduler-error=0 rate=23515805.2/s p50=0.040us p90=0.050us p99=0.080us p99.9=0.110us max=31.249us control-submitted=0 control-completed=0 control-failed=0
benchmark-stderr:
perf-stdout:
perf-stderr:
Events disabled
Events enabled
Events disabled


$ /home/dgamroth/workspaces/codex/pipewire/pipewire/build/src/tests/pw-test-polling-data-loop --benchmark-scan 1 none 1000000 1000000 12 14 88 /tmp/pw-polling-profile-aagty2rg/l2-sources1-rt88-rep3.csv
$ perf stat --no-big-num -x ; --output /home/dgamroth/workspaces/codex/pipewire/pipewire/doc/dox/internals/benchmark-data/polling-data-loop-pmu-2026-08-25-record/stat-l2-sources1-rt88-rep3.csv --delay=-1 --control=fd:4,9 -e {cycles:u,instructions:u,l2_request_g1.all_no_prefetch:u,l2_cache_req_stat.ic_dc_miss_in_l2:u} -t 1220859
benchmark-stdout:
scan work-sources=1 probe-sources=1 contention=none samples=1000000 warmup=1000000 caller-cpu=12 loop-cpu=14 requested-rt-priority=88 observed-loop-cpu=14 observed-policy=1 observed-priority=88 scheduler-error=0 rate=23390648.5/s p50=0.040us p90=0.050us p99=0.090us p99.9=0.101us max=30.598us control-submitted=0 control-completed=0 control-failed=0
benchmark-stderr:
perf-stdout:
perf-stderr:
Events disabled
Events enabled
Events disabled


$ /home/dgamroth/workspaces/codex/pipewire/pipewire/build/src/tests/pw-test-polling-data-loop --benchmark-scan 4 none 1000000 1000000 12 14 88 /tmp/pw-polling-profile-aagty2rg/l2-sources4-rt88-rep4.csv
$ perf stat --no-big-num -x ; --output /home/dgamroth/workspaces/codex/pipewire/pipewire/doc/dox/internals/benchmark-data/polling-data-loop-pmu-2026-08-25-record/stat-l2-sources4-rt88-rep4.csv --delay=-1 --control=fd:4,9 -e {cycles:u,instructions:u,l2_request_g1.all_no_prefetch:u,l2_cache_req_stat.ic_dc_miss_in_l2:u} -t 1220875
benchmark-stdout:
scan work-sources=4 probe-sources=1 contention=none samples=1000000 warmup=1000000 caller-cpu=12 loop-cpu=14 requested-rt-priority=88 observed-loop-cpu=14 observed-policy=1 observed-priority=88 scheduler-error=0 rate=21793917.5/s p50=0.050us p90=0.050us p99=0.070us p99.9=0.080us max=6.001us control-submitted=0 control-completed=0 control-failed=0
benchmark-stderr:
perf-stdout:
perf-stderr:
Events disabled
Events enabled
Events disabled


$ /home/dgamroth/workspaces/codex/pipewire/pipewire/build/src/tests/pw-test-polling-data-loop --benchmark-scan 4 none 1000000 1000000 12 14 0 /tmp/pw-polling-profile-aagty2rg/dtlb-sources4-rt0-rep4.csv
$ perf stat --no-big-num -x ; --output /home/dgamroth/workspaces/codex/pipewire/pipewire/doc/dox/internals/benchmark-data/polling-data-loop-pmu-2026-08-25-record/stat-dtlb-sources4-rt0-rep4.csv --delay=-1 --control=fd:4,9 -e {cycles:u,instructions:u,l1_dtlb_misses:u,l2_dtlb_misses:u} -t 1220902
benchmark-stdout:
scan work-sources=4 probe-sources=1 contention=none samples=1000000 warmup=1000000 caller-cpu=12 loop-cpu=14 requested-rt-priority=0 observed-loop-cpu=14 observed-policy=0 observed-priority=0 scheduler-error=0 rate=21643034.4/s p50=0.050us p90=0.050us p99=0.100us p99.9=0.101us max=6.252us control-submitted=0 control-completed=0 control-failed=0
benchmark-stderr:
perf-stdout:
perf-stderr:
Events disabled
Events enabled
Events disabled


$ /home/dgamroth/workspaces/codex/pipewire/pipewire/build/src/tests/pw-test-polling-data-loop --benchmark-scan 4 none 1000000 1000000 12 14 0 /tmp/pw-polling-profile-aagty2rg/l2-sources4-rt0-rep4.csv
$ perf stat --no-big-num -x ; --output /home/dgamroth/workspaces/codex/pipewire/pipewire/doc/dox/internals/benchmark-data/polling-data-loop-pmu-2026-08-25-record/stat-l2-sources4-rt0-rep4.csv --delay=-1 --control=fd:4,9 -e {cycles:u,instructions:u,l2_request_g1.all_no_prefetch:u,l2_cache_req_stat.ic_dc_miss_in_l2:u} -t 1220936
benchmark-stdout:
scan work-sources=4 probe-sources=1 contention=none samples=1000000 warmup=1000000 caller-cpu=12 loop-cpu=14 requested-rt-priority=0 observed-loop-cpu=14 observed-policy=0 observed-priority=0 scheduler-error=0 rate=21361773.3/s p50=0.050us p90=0.050us p99=0.100us p99.9=0.101us max=7.625us control-submitted=0 control-completed=0 control-failed=0
benchmark-stderr:
perf-stdout:
perf-stderr:
Events disabled
Events enabled
Events disabled


$ /home/dgamroth/workspaces/codex/pipewire/pipewire/build/src/tests/pw-test-polling-data-loop --benchmark-scan 64 none 1000000 1000000 12 14 88 /tmp/pw-polling-profile-aagty2rg/faults-sources64-rt88-rep4.csv
$ perf stat --no-big-num -x ; --output /home/dgamroth/workspaces/codex/pipewire/pipewire/doc/dox/internals/benchmark-data/polling-data-loop-pmu-2026-08-25-record/stat-faults-sources64-rt88-rep4.csv --delay=-1 --control=fd:4,9 -e {page-faults,minor-faults,major-faults,context-switches,cpu-migrations} -t 1220944
benchmark-stdout:
scan work-sources=64 probe-sources=1 contention=none samples=1000000 warmup=1000000 caller-cpu=12 loop-cpu=14 requested-rt-priority=88 observed-loop-cpu=14 observed-policy=1 observed-priority=88 scheduler-error=0 rate=6582664.8/s p50=0.150us p90=0.151us p99=0.161us p99.9=0.351us max=10.259us control-submitted=0 control-completed=0 control-failed=0
benchmark-stderr:
perf-stdout:
perf-stderr:
Events disabled
Events enabled
Events disabled


$ /home/dgamroth/workspaces/codex/pipewire/pipewire/build/src/tests/pw-test-polling-data-loop --benchmark-scan 64 none 1000000 1000000 12 14 88 /tmp/pw-polling-profile-aagty2rg/l2-sources64-rt88-rep4.csv
$ perf stat --no-big-num -x ; --output /home/dgamroth/workspaces/codex/pipewire/pipewire/doc/dox/internals/benchmark-data/polling-data-loop-pmu-2026-08-25-record/stat-l2-sources64-rt88-rep4.csv --delay=-1 --control=fd:4,9 -e {cycles:u,instructions:u,l2_request_g1.all_no_prefetch:u,l2_cache_req_stat.ic_dc_miss_in_l2:u} -t 1220978
benchmark-stdout:
scan work-sources=64 probe-sources=1 contention=none samples=1000000 warmup=1000000 caller-cpu=12 loop-cpu=14 requested-rt-priority=88 observed-loop-cpu=14 observed-policy=1 observed-priority=88 scheduler-error=0 rate=6616089.3/s p50=0.150us p90=0.151us p99=0.161us p99.9=0.181us max=10.730us control-submitted=0 control-completed=0 control-failed=0
benchmark-stderr:
perf-stdout:
perf-stderr:
Events disabled
Events enabled
Events disabled


$ /home/dgamroth/workspaces/codex/pipewire/pipewire/build/src/tests/pw-test-polling-data-loop --benchmark-scan 16 none 1000000 1000000 12 14 0 /tmp/pw-polling-profile-aagty2rg/faults-sources16-rt0-rep4.csv
$ perf stat --no-big-num -x ; --output /home/dgamroth/workspaces/codex/pipewire/pipewire/doc/dox/internals/benchmark-data/polling-data-loop-pmu-2026-08-25-record/stat-faults-sources16-rt0-rep4.csv --delay=-1 --control=fd:4,9 -e {page-faults,minor-faults,major-faults,context-switches,cpu-migrations} -t 1220985
benchmark-stdout:
scan work-sources=16 probe-sources=1 contention=none samples=1000000 warmup=1000000 caller-cpu=12 loop-cpu=14 requested-rt-priority=0 observed-loop-cpu=14 observed-policy=0 observed-priority=0 scheduler-error=0 rate=15152259.0/s p50=0.070us p90=0.070us p99=0.071us p99.9=0.150us max=10.520us control-submitted=0 control-completed=0 control-failed=0
benchmark-stderr:
perf-stdout:
perf-stderr:
Events disabled
Events enabled
Events disabled


$ /home/dgamroth/workspaces/codex/pipewire/pipewire/build/src/tests/pw-test-polling-data-loop --benchmark-scan 16 none 1000000 1000000 12 14 0 /tmp/pw-polling-profile-aagty2rg/core-sources16-rt0-rep4.csv
$ perf stat --no-big-num -x ; --output /home/dgamroth/workspaces/codex/pipewire/pipewire/doc/dox/internals/benchmark-data/polling-data-loop-pmu-2026-08-25-record/stat-core-sources16-rt0-rep4.csv --delay=-1 --control=fd:4,9 -e {cycles:u,instructions:u,branches:u,branch-misses:u} -t 1221001
benchmark-stdout:
scan work-sources=16 probe-sources=1 contention=none samples=1000000 warmup=1000000 caller-cpu=12 loop-cpu=14 requested-rt-priority=0 observed-loop-cpu=14 observed-policy=0 observed-priority=0 scheduler-error=0 rate=12939339.4/s p50=0.070us p90=0.100us p99=0.131us p99.9=0.190us max=64.661us control-submitted=0 control-completed=0 control-failed=0
benchmark-stderr:
perf-stdout:
perf-stderr:
Events disabled
Events enabled
Events disabled


$ /home/dgamroth/workspaces/codex/pipewire/pipewire/build/src/tests/pw-test-polling-data-loop --benchmark-scan 0 none 1000000 1000000 12 14 0 /tmp/pw-polling-profile-aagty2rg/dtlb-sources0-rt0-rep4.csv
$ perf stat --no-big-num -x ; --output /home/dgamroth/workspaces/codex/pipewire/pipewire/doc/dox/internals/benchmark-data/polling-data-loop-pmu-2026-08-25-record/stat-dtlb-sources0-rt0-rep4.csv --delay=-1 --control=fd:4,9 -e {cycles:u,instructions:u,l1_dtlb_misses:u,l2_dtlb_misses:u} -t 1221027
benchmark-stdout:
scan work-sources=0 probe-sources=1 contention=none samples=1000000 warmup=1000000 caller-cpu=12 loop-cpu=14 requested-rt-priority=0 observed-loop-cpu=14 observed-policy=0 observed-priority=0 scheduler-error=0 rate=23870172.8/s p50=0.040us p90=0.050us p99=0.060us p99.9=0.100us max=4.799us control-submitted=0 control-completed=0 control-failed=0
benchmark-stderr:
perf-stdout:
perf-stderr:
Events disabled
Events enabled
Events disabled


$ /home/dgamroth/workspaces/codex/pipewire/pipewire/build/src/tests/pw-test-polling-data-loop --benchmark-scan 0 none 1000000 1000000 12 14 0 /tmp/pw-polling-profile-aagty2rg/l2-sources0-rt0-rep4.csv
$ perf stat --no-big-num -x ; --output /home/dgamroth/workspaces/codex/pipewire/pipewire/doc/dox/internals/benchmark-data/polling-data-loop-pmu-2026-08-25-record/stat-l2-sources0-rt0-rep4.csv --delay=-1 --control=fd:4,9 -e {cycles:u,instructions:u,l2_request_g1.all_no_prefetch:u,l2_cache_req_stat.ic_dc_miss_in_l2:u} -t 1221041
benchmark-stdout:
scan work-sources=0 probe-sources=1 contention=none samples=1000000 warmup=1000000 caller-cpu=12 loop-cpu=14 requested-rt-priority=0 observed-loop-cpu=14 observed-policy=0 observed-priority=0 scheduler-error=0 rate=23918760.2/s p50=0.040us p90=0.050us p99=0.080us p99.9=0.120us max=7.714us control-submitted=0 control-completed=0 control-failed=0
benchmark-stderr:
perf-stdout:
perf-stderr:
Events disabled
Events enabled
Events disabled


$ /home/dgamroth/workspaces/codex/pipewire/pipewire/build/src/tests/pw-test-polling-data-loop --benchmark-scan 4 none 1000000 1000000 12 14 0 /tmp/pw-polling-profile-aagty2rg/l1d-sources4-rt0-rep4.csv
$ perf stat --no-big-num -x ; --output /home/dgamroth/workspaces/codex/pipewire/pipewire/doc/dox/internals/benchmark-data/polling-data-loop-pmu-2026-08-25-record/stat-l1d-sources4-rt0-rep4.csv --delay=-1 --control=fd:4,9 -e {cycles:u,instructions:u,L1-dcache-loads:u,L1-dcache-load-misses:u} -t 1221055
benchmark-stdout:
scan work-sources=4 probe-sources=1 contention=none samples=1000000 warmup=1000000 caller-cpu=12 loop-cpu=14 requested-rt-priority=0 observed-loop-cpu=14 observed-policy=0 observed-priority=0 scheduler-error=0 rate=21900891.4/s p50=0.050us p90=0.050us p99=0.070us p99.9=0.101us max=6.682us control-submitted=0 control-completed=0 control-failed=0
benchmark-stderr:
perf-stdout:
perf-stderr:
Events disabled
Events enabled
Events disabled


$ /home/dgamroth/workspaces/codex/pipewire/pipewire/build/src/tests/pw-test-polling-data-loop --benchmark-scan 1 none 1000000 1000000 12 14 0 /tmp/pw-polling-profile-aagty2rg/l1d-sources1-rt0-rep4.csv
$ perf stat --no-big-num -x ; --output /home/dgamroth/workspaces/codex/pipewire/pipewire/doc/dox/internals/benchmark-data/polling-data-loop-pmu-2026-08-25-record/stat-l1d-sources1-rt0-rep4.csv --delay=-1 --control=fd:4,9 -e {cycles:u,instructions:u,L1-dcache-loads:u,L1-dcache-load-misses:u} -t 1221081
benchmark-stdout:
scan work-sources=1 probe-sources=1 contention=none samples=1000000 warmup=1000000 caller-cpu=12 loop-cpu=14 requested-rt-priority=0 observed-loop-cpu=14 observed-policy=0 observed-priority=0 scheduler-error=0 rate=23480157.6/s p50=0.040us p90=0.050us p99=0.051us p99.9=0.100us max=6.362us control-submitted=0 control-completed=0 control-failed=0
benchmark-stderr:
perf-stdout:
perf-stderr:
Events disabled
Events enabled
Events disabled


$ /home/dgamroth/workspaces/codex/pipewire/pipewire/build/src/tests/pw-test-polling-data-loop --benchmark-scan 4 none 1000000 1000000 12 14 88 /tmp/pw-polling-profile-aagty2rg/faults-sources4-rt88-rep4.csv
$ perf stat --no-big-num -x ; --output /home/dgamroth/workspaces/codex/pipewire/pipewire/doc/dox/internals/benchmark-data/polling-data-loop-pmu-2026-08-25-record/stat-faults-sources4-rt88-rep4.csv --delay=-1 --control=fd:4,9 -e {page-faults,minor-faults,major-faults,context-switches,cpu-migrations} -t 1221097
benchmark-stdout:
scan work-sources=4 probe-sources=1 contention=none samples=1000000 warmup=1000000 caller-cpu=12 loop-cpu=14 requested-rt-priority=88 observed-loop-cpu=14 observed-policy=1 observed-priority=88 scheduler-error=0 rate=21672542.0/s p50=0.050us p90=0.050us p99=0.100us p99.9=0.110us max=6.012us control-submitted=0 control-completed=0 control-failed=0
benchmark-stderr:
perf-stdout:
perf-stderr:
Events disabled
Events enabled
Events disabled


$ /home/dgamroth/workspaces/codex/pipewire/pipewire/build/src/tests/pw-test-polling-data-loop --benchmark-scan 64 none 1000000 1000000 12 14 88 /tmp/pw-polling-profile-aagty2rg/l1d-sources64-rt88-rep4.csv
$ perf stat --no-big-num -x ; --output /home/dgamroth/workspaces/codex/pipewire/pipewire/doc/dox/internals/benchmark-data/polling-data-loop-pmu-2026-08-25-record/stat-l1d-sources64-rt88-rep4.csv --delay=-1 --control=fd:4,9 -e {cycles:u,instructions:u,L1-dcache-loads:u,L1-dcache-load-misses:u} -t 1221122
benchmark-stdout:
scan work-sources=64 probe-sources=1 contention=none samples=1000000 warmup=1000000 caller-cpu=12 loop-cpu=14 requested-rt-priority=88 observed-loop-cpu=14 observed-policy=1 observed-priority=88 scheduler-error=0 rate=6585412.7/s p50=0.150us p90=0.151us p99=0.170us p99.9=0.331us max=12.222us control-submitted=0 control-completed=0 control-failed=0
benchmark-stderr:
perf-stdout:
perf-stderr:
Events disabled
Events enabled
Events disabled


$ /home/dgamroth/workspaces/codex/pipewire/pipewire/build/src/tests/pw-test-polling-data-loop --benchmark-scan 16 none 1000000 1000000 12 14 88 /tmp/pw-polling-profile-aagty2rg/l1d-sources16-rt88-rep4.csv
$ perf stat --no-big-num -x ; --output /home/dgamroth/workspaces/codex/pipewire/pipewire/doc/dox/internals/benchmark-data/polling-data-loop-pmu-2026-08-25-record/stat-l1d-sources16-rt88-rep4.csv --delay=-1 --control=fd:4,9 -e {cycles:u,instructions:u,L1-dcache-loads:u,L1-dcache-load-misses:u} -t 1221138
benchmark-stdout:
scan work-sources=16 probe-sources=1 contention=none samples=1000000 warmup=1000000 caller-cpu=12 loop-cpu=14 requested-rt-priority=88 observed-loop-cpu=14 observed-policy=1 observed-priority=88 scheduler-error=0 rate=15998270.9/s p50=0.060us p90=0.070us p99=0.090us p99.9=0.141us max=9.978us control-submitted=0 control-completed=0 control-failed=0
benchmark-stderr:
perf-stdout:
perf-stderr:
Events disabled
Events enabled
Events disabled


$ /home/dgamroth/workspaces/codex/pipewire/pipewire/build/src/tests/pw-test-polling-data-loop --benchmark-scan 0 none 1000000 1000000 12 14 88 /tmp/pw-polling-profile-aagty2rg/l1d-sources0-rt88-rep4.csv
$ perf stat --no-big-num -x ; --output /home/dgamroth/workspaces/codex/pipewire/pipewire/doc/dox/internals/benchmark-data/polling-data-loop-pmu-2026-08-25-record/stat-l1d-sources0-rt88-rep4.csv --delay=-1 --control=fd:4,9 -e {cycles:u,instructions:u,L1-dcache-loads:u,L1-dcache-load-misses:u} -t 1221148
benchmark-stdout:
scan work-sources=0 probe-sources=1 contention=none samples=1000000 warmup=1000000 caller-cpu=12 loop-cpu=14 requested-rt-priority=88 observed-loop-cpu=14 observed-policy=1 observed-priority=88 scheduler-error=0 rate=23842757.2/s p50=0.040us p90=0.050us p99=0.051us p99.9=0.091us max=6.091us control-submitted=0 control-completed=0 control-failed=0
benchmark-stderr:
perf-stdout:
perf-stderr:
Events disabled
Events enabled
Events disabled


$ /home/dgamroth/workspaces/codex/pipewire/pipewire/build/src/tests/pw-test-polling-data-loop --benchmark-scan 16 none 1000000 1000000 12 14 88 /tmp/pw-polling-profile-aagty2rg/l2-sources16-rt88-rep4.csv
$ perf stat --no-big-num -x ; --output /home/dgamroth/workspaces/codex/pipewire/pipewire/doc/dox/internals/benchmark-data/polling-data-loop-pmu-2026-08-25-record/stat-l2-sources16-rt88-rep4.csv --delay=-1 --control=fd:4,9 -e {cycles:u,instructions:u,l2_request_g1.all_no_prefetch:u,l2_cache_req_stat.ic_dc_miss_in_l2:u} -t 1221179
benchmark-stdout:
scan work-sources=16 probe-sources=1 contention=none samples=1000000 warmup=1000000 caller-cpu=12 loop-cpu=14 requested-rt-priority=88 observed-loop-cpu=14 observed-policy=1 observed-priority=88 scheduler-error=0 rate=16084844.6/s p50=0.060us p90=0.070us p99=0.071us p99.9=0.140us max=7.094us control-submitted=0 control-completed=0 control-failed=0
benchmark-stderr:
perf-stdout:
perf-stderr:
Events disabled
Events enabled
Events disabled


$ /home/dgamroth/workspaces/codex/pipewire/pipewire/build/src/tests/pw-test-polling-data-loop --benchmark-scan 1 none 1000000 1000000 12 14 88 /tmp/pw-polling-profile-aagty2rg/l1d-sources1-rt88-rep4.csv
$ perf stat --no-big-num -x ; --output /home/dgamroth/workspaces/codex/pipewire/pipewire/doc/dox/internals/benchmark-data/polling-data-loop-pmu-2026-08-25-record/stat-l1d-sources1-rt88-rep4.csv --delay=-1 --control=fd:4,9 -e {cycles:u,instructions:u,L1-dcache-loads:u,L1-dcache-load-misses:u} -t 1221189
benchmark-stdout:
scan work-sources=1 probe-sources=1 contention=none samples=1000000 warmup=1000000 caller-cpu=12 loop-cpu=14 requested-rt-priority=88 observed-loop-cpu=14 observed-policy=1 observed-priority=88 scheduler-error=0 rate=23234553.3/s p50=0.040us p90=0.050us p99=0.090us p99.9=0.100us max=13.996us control-submitted=0 control-completed=0 control-failed=0
benchmark-stderr:
perf-stdout:
perf-stderr:
Events disabled
Events enabled
Events disabled


$ /home/dgamroth/workspaces/codex/pipewire/pipewire/build/src/tests/pw-test-polling-data-loop --benchmark-scan 16 none 1000000 1000000 12 14 88 /tmp/pw-polling-profile-aagty2rg/core-sources16-rt88-rep4.csv
$ perf stat --no-big-num -x ; --output /home/dgamroth/workspaces/codex/pipewire/pipewire/doc/dox/internals/benchmark-data/polling-data-loop-pmu-2026-08-25-record/stat-core-sources16-rt88-rep4.csv --delay=-1 --control=fd:4,9 -e {cycles:u,instructions:u,branches:u,branch-misses:u} -t 1221215
benchmark-stdout:
scan work-sources=16 probe-sources=1 contention=none samples=1000000 warmup=1000000 caller-cpu=12 loop-cpu=14 requested-rt-priority=88 observed-loop-cpu=14 observed-policy=1 observed-priority=88 scheduler-error=0 rate=15993256.5/s p50=0.060us p90=0.070us p99=0.090us p99.9=0.110us max=15.709us control-submitted=0 control-completed=0 control-failed=0
benchmark-stderr:
perf-stdout:
perf-stderr:
Events disabled
Events enabled
Events disabled


$ /home/dgamroth/workspaces/codex/pipewire/pipewire/build/src/tests/pw-test-polling-data-loop --benchmark-scan 16 none 1000000 1000000 12 14 88 /tmp/pw-polling-profile-aagty2rg/faults-sources16-rt88-rep4.csv
$ perf stat --no-big-num -x ; --output /home/dgamroth/workspaces/codex/pipewire/pipewire/doc/dox/internals/benchmark-data/polling-data-loop-pmu-2026-08-25-record/stat-faults-sources16-rt88-rep4.csv --delay=-1 --control=fd:4,9 -e {page-faults,minor-faults,major-faults,context-switches,cpu-migrations} -t 1221231
benchmark-stdout:
scan work-sources=16 probe-sources=1 contention=none samples=1000000 warmup=1000000 caller-cpu=12 loop-cpu=14 requested-rt-priority=88 observed-loop-cpu=14 observed-policy=1 observed-priority=88 scheduler-error=0 rate=15992559.7/s p50=0.060us p90=0.070us p99=0.090us p99.9=0.141us max=11.973us control-submitted=0 control-completed=0 control-failed=0
benchmark-stderr:
perf-stdout:
perf-stderr:
Events disabled
Events enabled
Events disabled


$ /home/dgamroth/workspaces/codex/pipewire/pipewire/build/src/tests/pw-test-polling-data-loop --benchmark-scan 4 none 1000000 1000000 12 14 88 /tmp/pw-polling-profile-aagty2rg/l1d-sources4-rt88-rep4.csv
$ perf stat --no-big-num -x ; --output /home/dgamroth/workspaces/codex/pipewire/pipewire/doc/dox/internals/benchmark-data/polling-data-loop-pmu-2026-08-25-record/stat-l1d-sources4-rt88-rep4.csv --delay=-1 --control=fd:4,9 -e {cycles:u,instructions:u,L1-dcache-loads:u,L1-dcache-load-misses:u} -t 1221238
benchmark-stdout:
scan work-sources=4 probe-sources=1 contention=none samples=1000000 warmup=1000000 caller-cpu=12 loop-cpu=14 requested-rt-priority=88 observed-loop-cpu=14 observed-policy=1 observed-priority=88 scheduler-error=0 rate=21829222.0/s p50=0.050us p90=0.050us p99=0.070us p99.9=0.080us max=10.489us control-submitted=0 control-completed=0 control-failed=0
benchmark-stderr:
perf-stdout:
perf-stderr:
Events disabled
Events enabled
Events disabled


$ /home/dgamroth/workspaces/codex/pipewire/pipewire/build/src/tests/pw-test-polling-data-loop --benchmark-scan 4 none 1000000 1000000 12 14 88 /tmp/pw-polling-profile-aagty2rg/dtlb-sources4-rt88-rep4.csv
$ perf stat --no-big-num -x ; --output /home/dgamroth/workspaces/codex/pipewire/pipewire/doc/dox/internals/benchmark-data/polling-data-loop-pmu-2026-08-25-record/stat-dtlb-sources4-rt88-rep4.csv --delay=-1 --control=fd:4,9 -e {cycles:u,instructions:u,l1_dtlb_misses:u,l2_dtlb_misses:u} -t 1221272
benchmark-stdout:
scan work-sources=4 probe-sources=1 contention=none samples=1000000 warmup=1000000 caller-cpu=12 loop-cpu=14 requested-rt-priority=88 observed-loop-cpu=14 observed-policy=1 observed-priority=88 scheduler-error=0 rate=21716512.7/s p50=0.050us p90=0.050us p99=0.100us p99.9=0.110us max=15.029us control-submitted=0 control-completed=0 control-failed=0
benchmark-stderr:
perf-stdout:
perf-stderr:
Events disabled
Events enabled
Events disabled


$ /home/dgamroth/workspaces/codex/pipewire/pipewire/build/src/tests/pw-test-polling-data-loop --benchmark-scan 1 none 1000000 1000000 12 14 88 /tmp/pw-polling-profile-aagty2rg/dtlb-sources1-rt88-rep4.csv
$ perf stat --no-big-num -x ; --output /home/dgamroth/workspaces/codex/pipewire/pipewire/doc/dox/internals/benchmark-data/polling-data-loop-pmu-2026-08-25-record/stat-dtlb-sources1-rt88-rep4.csv --delay=-1 --control=fd:4,9 -e {cycles:u,instructions:u,l1_dtlb_misses:u,l2_dtlb_misses:u} -t 1221276
benchmark-stdout:
scan work-sources=1 probe-sources=1 contention=none samples=1000000 warmup=1000000 caller-cpu=12 loop-cpu=14 requested-rt-priority=88 observed-loop-cpu=14 observed-policy=1 observed-priority=88 scheduler-error=0 rate=23261183.5/s p50=0.040us p90=0.050us p99=0.051us p99.9=0.100us max=5.851us control-submitted=0 control-completed=0 control-failed=0
benchmark-stderr:
perf-stdout:
perf-stderr:
Events disabled
Events enabled
Events disabled


$ /home/dgamroth/workspaces/codex/pipewire/pipewire/build/src/tests/pw-test-polling-data-loop --benchmark-scan 0 none 1000000 1000000 12 14 0 /tmp/pw-polling-profile-aagty2rg/core-sources0-rt0-rep4.csv
$ perf stat --no-big-num -x ; --output /home/dgamroth/workspaces/codex/pipewire/pipewire/doc/dox/internals/benchmark-data/polling-data-loop-pmu-2026-08-25-record/stat-core-sources0-rt0-rep4.csv --delay=-1 --control=fd:4,9 -e {cycles:u,instructions:u,branches:u,branch-misses:u} -t 1221298
benchmark-stdout:
scan work-sources=0 probe-sources=1 contention=none samples=1000000 warmup=1000000 caller-cpu=12 loop-cpu=14 requested-rt-priority=0 observed-loop-cpu=14 observed-policy=0 observed-priority=0 scheduler-error=0 rate=23621455.4/s p50=0.040us p90=0.050us p99=0.090us p99.9=0.091us max=6.121us control-submitted=0 control-completed=0 control-failed=0
benchmark-stderr:
perf-stdout:
perf-stderr:
Events disabled
Events enabled
Events disabled


$ /home/dgamroth/workspaces/codex/pipewire/pipewire/build/src/tests/pw-test-polling-data-loop --benchmark-scan 64 none 1000000 1000000 12 14 0 /tmp/pw-polling-profile-aagty2rg/faults-sources64-rt0-rep4.csv
$ perf stat --no-big-num -x ; --output /home/dgamroth/workspaces/codex/pipewire/pipewire/doc/dox/internals/benchmark-data/polling-data-loop-pmu-2026-08-25-record/stat-faults-sources64-rt0-rep4.csv --delay=-1 --control=fd:4,9 -e {page-faults,minor-faults,major-faults,context-switches,cpu-migrations} -t 1221317
benchmark-stdout:
scan work-sources=64 probe-sources=1 contention=none samples=1000000 warmup=1000000 caller-cpu=12 loop-cpu=14 requested-rt-priority=0 observed-loop-cpu=14 observed-policy=0 observed-priority=0 scheduler-error=0 rate=6501171.0/s p50=0.150us p90=0.160us p99=0.200us p99.9=0.320us max=20.168us control-submitted=0 control-completed=0 control-failed=0
benchmark-stderr:
perf-stdout:
perf-stderr:
Events disabled
Events enabled
Events disabled


$ /home/dgamroth/workspaces/codex/pipewire/pipewire/build/src/tests/pw-test-polling-data-loop --benchmark-scan 1 none 1000000 1000000 12 14 88 /tmp/pw-polling-profile-aagty2rg/l2-sources1-rt88-rep4.csv
$ perf stat --no-big-num -x ; --output /home/dgamroth/workspaces/codex/pipewire/pipewire/doc/dox/internals/benchmark-data/polling-data-loop-pmu-2026-08-25-record/stat-l2-sources1-rt88-rep4.csv --delay=-1 --control=fd:4,9 -e {cycles:u,instructions:u,l2_request_g1.all_no_prefetch:u,l2_cache_req_stat.ic_dc_miss_in_l2:u} -t 1221340
benchmark-stdout:
scan work-sources=1 probe-sources=1 contention=none samples=1000000 warmup=1000000 caller-cpu=12 loop-cpu=14 requested-rt-priority=88 observed-loop-cpu=14 observed-policy=1 observed-priority=88 scheduler-error=0 rate=23292097.1/s p50=0.040us p90=0.050us p99=0.090us p99.9=0.110us max=6.071us control-submitted=0 control-completed=0 control-failed=0
benchmark-stderr:
perf-stdout:
perf-stderr:
Events disabled
Events enabled
Events disabled


$ /home/dgamroth/workspaces/codex/pipewire/pipewire/build/src/tests/pw-test-polling-data-loop --benchmark-scan 64 none 1000000 1000000 12 14 88 /tmp/pw-polling-profile-aagty2rg/dtlb-sources64-rt88-rep4.csv
$ perf stat --no-big-num -x ; --output /home/dgamroth/workspaces/codex/pipewire/pipewire/doc/dox/internals/benchmark-data/polling-data-loop-pmu-2026-08-25-record/stat-dtlb-sources64-rt88-rep4.csv --delay=-1 --control=fd:4,9 -e {cycles:u,instructions:u,l1_dtlb_misses:u,l2_dtlb_misses:u} -t 1221359
benchmark-stdout:
scan work-sources=64 probe-sources=1 contention=none samples=1000000 warmup=1000000 caller-cpu=12 loop-cpu=14 requested-rt-priority=88 observed-loop-cpu=14 observed-policy=1 observed-priority=88 scheduler-error=0 rate=6530205.4/s p50=0.150us p90=0.160us p99=0.210us p99.9=0.340us max=20.308us control-submitted=0 control-completed=0 control-failed=0
benchmark-stderr:
perf-stdout:
perf-stderr:
Events disabled
Events enabled
Events disabled


$ /home/dgamroth/workspaces/codex/pipewire/pipewire/build/src/tests/pw-test-polling-data-loop --benchmark-scan 1 none 1000000 1000000 12 14 0 /tmp/pw-polling-profile-aagty2rg/l2-sources1-rt0-rep4.csv
$ perf stat --no-big-num -x ; --output /home/dgamroth/workspaces/codex/pipewire/pipewire/doc/dox/internals/benchmark-data/polling-data-loop-pmu-2026-08-25-record/stat-l2-sources1-rt0-rep4.csv --delay=-1 --control=fd:4,9 -e {cycles:u,instructions:u,l2_request_g1.all_no_prefetch:u,l2_cache_req_stat.ic_dc_miss_in_l2:u} -t 1221381
benchmark-stdout:
scan work-sources=1 probe-sources=1 contention=none samples=1000000 warmup=1000000 caller-cpu=12 loop-cpu=14 requested-rt-priority=0 observed-loop-cpu=14 observed-policy=0 observed-priority=0 scheduler-error=0 rate=23384269.7/s p50=0.040us p90=0.050us p99=0.090us p99.9=0.101us max=6.081us control-submitted=0 control-completed=0 control-failed=0
benchmark-stderr:
perf-stdout:
perf-stderr:
Events disabled
Events enabled
Events disabled


$ /home/dgamroth/workspaces/codex/pipewire/pipewire/build/src/tests/pw-test-polling-data-loop --benchmark-scan 4 none 1000000 1000000 12 14 88 /tmp/pw-polling-profile-aagty2rg/core-sources4-rt88-rep4.csv
$ perf stat --no-big-num -x ; --output /home/dgamroth/workspaces/codex/pipewire/pipewire/doc/dox/internals/benchmark-data/polling-data-loop-pmu-2026-08-25-record/stat-core-sources4-rt88-rep4.csv --delay=-1 --control=fd:4,9 -e {cycles:u,instructions:u,branches:u,branch-misses:u} -t 1221440
benchmark-stdout:
scan work-sources=4 probe-sources=1 contention=none samples=1000000 warmup=1000000 caller-cpu=12 loop-cpu=14 requested-rt-priority=88 observed-loop-cpu=14 observed-policy=1 observed-priority=88 scheduler-error=0 rate=21555034.0/s p50=0.050us p90=0.050us p99=0.100us p99.9=0.101us max=8.076us control-submitted=0 control-completed=0 control-failed=0
benchmark-stderr:
perf-stdout:
perf-stderr:
Events disabled
Events enabled
Events disabled


$ /home/dgamroth/workspaces/codex/pipewire/pipewire/build/src/tests/pw-test-polling-data-loop --benchmark-scan 16 none 1000000 1000000 12 14 0 /tmp/pw-polling-profile-aagty2rg/dtlb-sources16-rt0-rep4.csv
$ perf stat --no-big-num -x ; --output /home/dgamroth/workspaces/codex/pipewire/pipewire/doc/dox/internals/benchmark-data/polling-data-loop-pmu-2026-08-25-record/stat-dtlb-sources16-rt0-rep4.csv --delay=-1 --control=fd:4,9 -e {cycles:u,instructions:u,l1_dtlb_misses:u,l2_dtlb_misses:u} -t 1221476
benchmark-stdout:
scan work-sources=16 probe-sources=1 contention=none samples=1000000 warmup=1000000 caller-cpu=12 loop-cpu=14 requested-rt-priority=0 observed-loop-cpu=14 observed-policy=0 observed-priority=0 scheduler-error=0 rate=14240964.9/s p50=0.060us p90=0.100us p99=0.120us p99.9=0.121us max=38.793us control-submitted=0 control-completed=0 control-failed=0
benchmark-stderr:
perf-stdout:
perf-stderr:
Events disabled
Events enabled
Events disabled


$ /home/dgamroth/workspaces/codex/pipewire/pipewire/build/src/tests/pw-test-polling-data-loop --benchmark-scan 0 none 1000000 1000000 12 14 88 /tmp/pw-polling-profile-aagty2rg/dtlb-sources0-rt88-rep4.csv
$ perf stat --no-big-num -x ; --output /home/dgamroth/workspaces/codex/pipewire/pipewire/doc/dox/internals/benchmark-data/polling-data-loop-pmu-2026-08-25-record/stat-dtlb-sources0-rt88-rep4.csv --delay=-1 --control=fd:4,9 -e {cycles:u,instructions:u,l1_dtlb_misses:u,l2_dtlb_misses:u} -t 1221486
benchmark-stdout:
scan work-sources=0 probe-sources=1 contention=none samples=1000000 warmup=1000000 caller-cpu=12 loop-cpu=14 requested-rt-priority=88 observed-loop-cpu=14 observed-policy=1 observed-priority=88 scheduler-error=0 rate=24065118.3/s p50=0.040us p90=0.050us p99=0.060us p99.9=0.070us max=27.120us control-submitted=0 control-completed=0 control-failed=0
benchmark-stderr:
perf-stdout:
perf-stderr:
Events disabled
Events enabled
Events disabled


$ /home/dgamroth/workspaces/codex/pipewire/pipewire/build/src/tests/pw-test-polling-data-loop --benchmark-scan 64 none 1000000 1000000 12 14 0 /tmp/pw-polling-profile-aagty2rg/l1d-sources64-rt0-rep4.csv
$ perf stat --no-big-num -x ; --output /home/dgamroth/workspaces/codex/pipewire/pipewire/doc/dox/internals/benchmark-data/polling-data-loop-pmu-2026-08-25-record/stat-l1d-sources64-rt0-rep4.csv --delay=-1 --control=fd:4,9 -e {cycles:u,instructions:u,L1-dcache-loads:u,L1-dcache-load-misses:u} -t 1221500
benchmark-stdout:
scan work-sources=64 probe-sources=1 contention=none samples=1000000 warmup=1000000 caller-cpu=12 loop-cpu=14 requested-rt-priority=0 observed-loop-cpu=14 observed-policy=0 observed-priority=0 scheduler-error=0 rate=6526502.1/s p50=0.150us p90=0.160us p99=0.180us p99.9=0.331us max=19.887us control-submitted=0 control-completed=0 control-failed=0
benchmark-stderr:
perf-stdout:
perf-stderr:
Events disabled
Events enabled
Events disabled


$ /home/dgamroth/workspaces/codex/pipewire/pipewire/build/src/tests/pw-test-polling-data-loop --benchmark-scan 0 none 1000000 1000000 12 14 0 /tmp/pw-polling-profile-aagty2rg/faults-sources0-rt0-rep4.csv
$ perf stat --no-big-num -x ; --output /home/dgamroth/workspaces/codex/pipewire/pipewire/doc/dox/internals/benchmark-data/polling-data-loop-pmu-2026-08-25-record/stat-faults-sources0-rt0-rep4.csv --delay=-1 --control=fd:4,9 -e {page-faults,minor-faults,major-faults,context-switches,cpu-migrations} -t 1221548
benchmark-stdout:
scan work-sources=0 probe-sources=1 contention=none samples=1000000 warmup=1000000 caller-cpu=12 loop-cpu=14 requested-rt-priority=0 observed-loop-cpu=14 observed-policy=0 observed-priority=0 scheduler-error=0 rate=23709577.2/s p50=0.040us p90=0.050us p99=0.090us p99.9=0.091us max=7.264us control-submitted=0 control-completed=0 control-failed=0
benchmark-stderr:
perf-stdout:
perf-stderr:
Events disabled
Events enabled
Events disabled


$ /home/dgamroth/workspaces/codex/pipewire/pipewire/build/src/tests/pw-test-polling-data-loop --benchmark-scan 16 none 1000000 1000000 12 14 88 /tmp/pw-polling-profile-aagty2rg/dtlb-sources16-rt88-rep4.csv
$ perf stat --no-big-num -x ; --output /home/dgamroth/workspaces/codex/pipewire/pipewire/doc/dox/internals/benchmark-data/polling-data-loop-pmu-2026-08-25-record/stat-dtlb-sources16-rt88-rep4.csv --delay=-1 --control=fd:4,9 -e {cycles:u,instructions:u,l1_dtlb_misses:u,l2_dtlb_misses:u} -t 1221552
benchmark-stdout:
scan work-sources=16 probe-sources=1 contention=none samples=1000000 warmup=1000000 caller-cpu=12 loop-cpu=14 requested-rt-priority=88 observed-loop-cpu=14 observed-policy=1 observed-priority=88 scheduler-error=0 rate=15987490.4/s p50=0.060us p90=0.070us p99=0.090us p99.9=0.110us max=14.437us control-submitted=0 control-completed=0 control-failed=0
benchmark-stderr:
perf-stdout:
perf-stderr:
Events disabled
Events enabled
Events disabled


$ /home/dgamroth/workspaces/codex/pipewire/pipewire/build/src/tests/pw-test-polling-data-loop --benchmark-scan 1 none 1000000 1000000 12 14 0 /tmp/pw-polling-profile-aagty2rg/dtlb-sources1-rt0-rep4.csv
$ perf stat --no-big-num -x ; --output /home/dgamroth/workspaces/codex/pipewire/pipewire/doc/dox/internals/benchmark-data/polling-data-loop-pmu-2026-08-25-record/stat-dtlb-sources1-rt0-rep4.csv --delay=-1 --control=fd:4,9 -e {cycles:u,instructions:u,l1_dtlb_misses:u,l2_dtlb_misses:u} -t 1221589
benchmark-stdout:
scan work-sources=1 probe-sources=1 contention=none samples=1000000 warmup=1000000 caller-cpu=12 loop-cpu=14 requested-rt-priority=0 observed-loop-cpu=14 observed-policy=0 observed-priority=0 scheduler-error=0 rate=23772320.1/s p50=0.040us p90=0.050us p99=0.051us p99.9=0.061us max=9.328us control-submitted=0 control-completed=0 control-failed=0
benchmark-stderr:
perf-stdout:
perf-stderr:
Events disabled
Events enabled
Events disabled


$ /home/dgamroth/workspaces/codex/pipewire/pipewire/build/src/tests/pw-test-polling-data-loop --benchmark-scan 16 none 1000000 1000000 12 14 0 /tmp/pw-polling-profile-aagty2rg/l1d-sources16-rt0-rep4.csv
$ perf stat --no-big-num -x ; --output /home/dgamroth/workspaces/codex/pipewire/pipewire/doc/dox/internals/benchmark-data/polling-data-loop-pmu-2026-08-25-record/stat-l1d-sources16-rt0-rep4.csv --delay=-1 --control=fd:4,9 -e {cycles:u,instructions:u,L1-dcache-loads:u,L1-dcache-load-misses:u} -t 1221593
benchmark-stdout:
scan work-sources=16 probe-sources=1 contention=none samples=1000000 warmup=1000000 caller-cpu=12 loop-cpu=14 requested-rt-priority=0 observed-loop-cpu=14 observed-policy=0 observed-priority=0 scheduler-error=0 rate=16010367.8/s p50=0.060us p90=0.070us p99=0.071us p99.9=0.141us max=6.763us control-submitted=0 control-completed=0 control-failed=0
benchmark-stderr:
perf-stdout:
perf-stderr:
Events disabled
Events enabled
Events disabled


$ /home/dgamroth/workspaces/codex/pipewire/pipewire/build/src/tests/pw-test-polling-data-loop --benchmark-scan 64 none 1000000 1000000 12 14 0 /tmp/pw-polling-profile-aagty2rg/core-sources64-rt0-rep4.csv
$ perf stat --no-big-num -x ; --output /home/dgamroth/workspaces/codex/pipewire/pipewire/doc/dox/internals/benchmark-data/polling-data-loop-pmu-2026-08-25-record/stat-core-sources64-rt0-rep4.csv --delay=-1 --control=fd:4,9 -e {cycles:u,instructions:u,branches:u,branch-misses:u} -t 1221615
benchmark-stdout:
scan work-sources=64 probe-sources=1 contention=none samples=1000000 warmup=1000000 caller-cpu=12 loop-cpu=14 requested-rt-priority=0 observed-loop-cpu=14 observed-policy=0 observed-priority=0 scheduler-error=0 rate=6557323.7/s p50=0.150us p90=0.160us p99=0.161us p99.9=0.340us max=12.353us control-submitted=0 control-completed=0 control-failed=0
benchmark-stderr:
perf-stdout:
perf-stderr:
Events disabled
Events enabled
Events disabled


$ /home/dgamroth/workspaces/codex/pipewire/pipewire/build/src/tests/pw-test-polling-data-loop --benchmark-scan 64 none 1000000 1000000 12 14 0 /tmp/pw-polling-profile-aagty2rg/l2-sources64-rt0-rep4.csv
$ perf stat --no-big-num -x ; --output /home/dgamroth/workspaces/codex/pipewire/pipewire/doc/dox/internals/benchmark-data/polling-data-loop-pmu-2026-08-25-record/stat-l2-sources64-rt0-rep4.csv --delay=-1 --control=fd:4,9 -e {cycles:u,instructions:u,l2_request_g1.all_no_prefetch:u,l2_cache_req_stat.ic_dc_miss_in_l2:u} -t 1221634
benchmark-stdout:
scan work-sources=64 probe-sources=1 contention=none samples=1000000 warmup=1000000 caller-cpu=12 loop-cpu=14 requested-rt-priority=0 observed-loop-cpu=14 observed-policy=0 observed-priority=0 scheduler-error=0 rate=6504413.3/s p50=0.150us p90=0.160us p99=0.171us p99.9=0.340us max=6.933us control-submitted=0 control-completed=0 control-failed=0
benchmark-stderr:
perf-stdout:
perf-stderr:
Events disabled
Events enabled
Events disabled


$ /home/dgamroth/workspaces/codex/pipewire/pipewire/build/src/tests/pw-test-polling-data-loop --benchmark-scan 0 none 1000000 1000000 12 14 0 /tmp/pw-polling-profile-aagty2rg/l1d-sources0-rt0-rep4.csv
$ perf stat --no-big-num -x ; --output /home/dgamroth/workspaces/codex/pipewire/pipewire/doc/dox/internals/benchmark-data/polling-data-loop-pmu-2026-08-25-record/stat-l1d-sources0-rt0-rep4.csv --delay=-1 --control=fd:4,9 -e {cycles:u,instructions:u,L1-dcache-loads:u,L1-dcache-load-misses:u} -t 1221657
benchmark-stdout:
scan work-sources=0 probe-sources=1 contention=none samples=1000000 warmup=1000000 caller-cpu=12 loop-cpu=14 requested-rt-priority=0 observed-loop-cpu=14 observed-policy=0 observed-priority=0 scheduler-error=0 rate=24109272.7/s p50=0.040us p90=0.041us p99=0.090us p99.9=0.100us max=11.291us control-submitted=0 control-completed=0 control-failed=0
benchmark-stderr:
perf-stdout:
perf-stderr:
Events disabled
Events enabled
Events disabled


$ /home/dgamroth/workspaces/codex/pipewire/pipewire/build/src/tests/pw-test-polling-data-loop --benchmark-scan 4 none 1000000 1000000 12 14 0 /tmp/pw-polling-profile-aagty2rg/faults-sources4-rt0-rep4.csv
$ perf stat --no-big-num -x ; --output /home/dgamroth/workspaces/codex/pipewire/pipewire/doc/dox/internals/benchmark-data/polling-data-loop-pmu-2026-08-25-record/stat-faults-sources4-rt0-rep4.csv --delay=-1 --control=fd:4,9 -e {page-faults,minor-faults,major-faults,context-switches,cpu-migrations} -t 1221676
benchmark-stdout:
scan work-sources=4 probe-sources=1 contention=none samples=1000000 warmup=1000000 caller-cpu=12 loop-cpu=14 requested-rt-priority=0 observed-loop-cpu=14 observed-policy=0 observed-priority=0 scheduler-error=0 rate=21934239.3/s p50=0.050us p90=0.050us p99=0.051us p99.9=0.100us max=6.242us control-submitted=0 control-completed=0 control-failed=0
benchmark-stderr:
perf-stdout:
perf-stderr:
Events disabled
Events enabled
Events disabled


$ /home/dgamroth/workspaces/codex/pipewire/pipewire/build/src/tests/pw-test-polling-data-loop --benchmark-scan 1 none 1000000 1000000 12 14 88 /tmp/pw-polling-profile-aagty2rg/faults-sources1-rt88-rep4.csv
$ perf stat --no-big-num -x ; --output /home/dgamroth/workspaces/codex/pipewire/pipewire/doc/dox/internals/benchmark-data/polling-data-loop-pmu-2026-08-25-record/stat-faults-sources1-rt88-rep4.csv --delay=-1 --control=fd:4,9 -e {page-faults,minor-faults,major-faults,context-switches,cpu-migrations} -t 1221698
benchmark-stdout:
scan work-sources=1 probe-sources=1 contention=none samples=1000000 warmup=1000000 caller-cpu=12 loop-cpu=14 requested-rt-priority=88 observed-loop-cpu=14 observed-policy=1 observed-priority=88 scheduler-error=0 rate=23232736.3/s p50=0.040us p90=0.050us p99=0.090us p99.9=0.101us max=5.180us control-submitted=0 control-completed=0 control-failed=0
benchmark-stderr:
perf-stdout:
perf-stderr:
Events disabled
Events enabled
Events disabled


$ /home/dgamroth/workspaces/codex/pipewire/pipewire/build/src/tests/pw-test-polling-data-loop --benchmark-scan 0 none 1000000 1000000 12 14 88 /tmp/pw-polling-profile-aagty2rg/core-sources0-rt88-rep4.csv
$ perf stat --no-big-num -x ; --output /home/dgamroth/workspaces/codex/pipewire/pipewire/doc/dox/internals/benchmark-data/polling-data-loop-pmu-2026-08-25-record/stat-core-sources0-rt88-rep4.csv --delay=-1 --control=fd:4,9 -e {cycles:u,instructions:u,branches:u,branch-misses:u} -t 1221702
benchmark-stdout:
scan work-sources=0 probe-sources=1 contention=none samples=1000000 warmup=1000000 caller-cpu=12 loop-cpu=14 requested-rt-priority=88 observed-loop-cpu=14 observed-policy=1 observed-priority=88 scheduler-error=0 rate=23720333.1/s p50=0.040us p90=0.050us p99=0.080us p99.9=0.090us max=4.419us control-submitted=0 control-completed=0 control-failed=0
benchmark-stderr:
perf-stdout:
perf-stderr:
Events disabled
Events enabled
Events disabled


$ /home/dgamroth/workspaces/codex/pipewire/pipewire/build/src/tests/pw-test-polling-data-loop --benchmark-scan 64 none 1000000 1000000 12 14 88 /tmp/pw-polling-profile-aagty2rg/core-sources64-rt88-rep4.csv
$ perf stat --no-big-num -x ; --output /home/dgamroth/workspaces/codex/pipewire/pipewire/doc/dox/internals/benchmark-data/polling-data-loop-pmu-2026-08-25-record/stat-core-sources64-rt88-rep4.csv --delay=-1 --control=fd:4,9 -e {cycles:u,instructions:u,branches:u,branch-misses:u} -t 1221733
benchmark-stdout:
scan work-sources=64 probe-sources=1 contention=none samples=1000000 warmup=1000000 caller-cpu=12 loop-cpu=14 requested-rt-priority=88 observed-loop-cpu=14 observed-policy=1 observed-priority=88 scheduler-error=0 rate=6429458.6/s p50=0.150us p90=0.161us p99=0.211us p99.9=0.231us max=17.192us control-submitted=0 control-completed=0 control-failed=0
benchmark-stderr:
perf-stdout:
perf-stderr:
Events disabled
Events enabled
Events disabled


$ /home/dgamroth/workspaces/codex/pipewire/pipewire/build/src/tests/pw-test-polling-data-loop --benchmark-scan 1 none 1000000 1000000 12 14 88 /tmp/pw-polling-profile-aagty2rg/core-sources1-rt88-rep4.csv
$ perf stat --no-big-num -x ; --output /home/dgamroth/workspaces/codex/pipewire/pipewire/doc/dox/internals/benchmark-data/polling-data-loop-pmu-2026-08-25-record/stat-core-sources1-rt88-rep4.csv --delay=-1 --control=fd:4,9 -e {cycles:u,instructions:u,branches:u,branch-misses:u} -t 1221743
benchmark-stdout:
scan work-sources=1 probe-sources=1 contention=none samples=1000000 warmup=1000000 caller-cpu=12 loop-cpu=14 requested-rt-priority=88 observed-loop-cpu=14 observed-policy=1 observed-priority=88 scheduler-error=0 rate=23550683.3/s p50=0.040us p90=0.050us p99=0.090us p99.9=0.100us max=12.603us control-submitted=0 control-completed=0 control-failed=0
benchmark-stderr:
perf-stdout:
perf-stderr:
Events disabled
Events enabled
Events disabled


$ /home/dgamroth/workspaces/codex/pipewire/pipewire/build/src/tests/pw-test-polling-data-loop --benchmark-scan 1 none 1000000 1000000 12 14 0 /tmp/pw-polling-profile-aagty2rg/core-sources1-rt0-rep4.csv
$ perf stat --no-big-num -x ; --output /home/dgamroth/workspaces/codex/pipewire/pipewire/doc/dox/internals/benchmark-data/polling-data-loop-pmu-2026-08-25-record/stat-core-sources1-rt0-rep4.csv --delay=-1 --control=fd:4,9 -e {cycles:u,instructions:u,branches:u,branch-misses:u} -t 1221759
benchmark-stdout:
scan work-sources=1 probe-sources=1 contention=none samples=1000000 warmup=1000000 caller-cpu=12 loop-cpu=14 requested-rt-priority=0 observed-loop-cpu=14 observed-policy=0 observed-priority=0 scheduler-error=0 rate=23242279.9/s p50=0.040us p90=0.050us p99=0.090us p99.9=0.101us max=13.636us control-submitted=0 control-completed=0 control-failed=0
benchmark-stderr:
perf-stdout:
perf-stderr:
Events disabled
Events enabled
Events disabled


$ /home/dgamroth/workspaces/codex/pipewire/pipewire/build/src/tests/pw-test-polling-data-loop --benchmark-scan 4 none 1000000 1000000 12 14 0 /tmp/pw-polling-profile-aagty2rg/core-sources4-rt0-rep4.csv
$ perf stat --no-big-num -x ; --output /home/dgamroth/workspaces/codex/pipewire/pipewire/doc/dox/internals/benchmark-data/polling-data-loop-pmu-2026-08-25-record/stat-core-sources4-rt0-rep4.csv --delay=-1 --control=fd:4,9 -e {cycles:u,instructions:u,branches:u,branch-misses:u} -t 1221784
benchmark-stdout:
scan work-sources=4 probe-sources=1 contention=none samples=1000000 warmup=1000000 caller-cpu=12 loop-cpu=14 requested-rt-priority=0 observed-loop-cpu=14 observed-policy=0 observed-priority=0 scheduler-error=0 rate=21815724.5/s p50=0.041us p90=0.050us p99=0.100us p99.9=0.101us max=19.306us control-submitted=0 control-completed=0 control-failed=0
benchmark-stderr:
perf-stdout:
perf-stderr:
Events disabled
Events enabled
Events disabled


$ /home/dgamroth/workspaces/codex/pipewire/pipewire/build/src/tests/pw-test-polling-data-loop --benchmark-scan 0 none 1000000 1000000 12 14 88 /tmp/pw-polling-profile-aagty2rg/faults-sources0-rt88-rep4.csv
$ perf stat --no-big-num -x ; --output /home/dgamroth/workspaces/codex/pipewire/pipewire/doc/dox/internals/benchmark-data/polling-data-loop-pmu-2026-08-25-record/stat-faults-sources0-rt88-rep4.csv --delay=-1 --control=fd:4,9 -e {page-faults,minor-faults,major-faults,context-switches,cpu-migrations} -t 1221812
benchmark-stdout:
scan work-sources=0 probe-sources=1 contention=none samples=1000000 warmup=1000000 caller-cpu=12 loop-cpu=14 requested-rt-priority=88 observed-loop-cpu=14 observed-policy=1 observed-priority=88 scheduler-error=0 rate=23941324.2/s p50=0.040us p90=0.050us p99=0.090us p99.9=0.091us max=10.069us control-submitted=0 control-completed=0 control-failed=0
benchmark-stderr:
perf-stdout:
perf-stderr:
Events disabled
Events enabled
Events disabled


$ /home/dgamroth/workspaces/codex/pipewire/pipewire/build/src/tests/pw-test-polling-data-loop --benchmark-scan 1 none 1000000 1000000 12 14 0 /tmp/pw-polling-profile-aagty2rg/faults-sources1-rt0-rep4.csv
$ perf stat --no-big-num -x ; --output /home/dgamroth/workspaces/codex/pipewire/pipewire/doc/dox/internals/benchmark-data/polling-data-loop-pmu-2026-08-25-record/stat-faults-sources1-rt0-rep4.csv --delay=-1 --control=fd:4,9 -e {page-faults,minor-faults,major-faults,context-switches,cpu-migrations} -t 1221843
benchmark-stdout:
scan work-sources=1 probe-sources=1 contention=none samples=1000000 warmup=1000000 caller-cpu=12 loop-cpu=14 requested-rt-priority=0 observed-loop-cpu=14 observed-policy=0 observed-priority=0 scheduler-error=0 rate=23509806.8/s p50=0.040us p90=0.050us p99=0.060us p99.9=0.100us max=11.822us control-submitted=0 control-completed=0 control-failed=0
benchmark-stderr:
perf-stdout:
perf-stderr:
Events disabled
Events enabled
Events disabled


$ /home/dgamroth/workspaces/codex/pipewire/pipewire/build/src/tests/pw-test-polling-data-loop --benchmark-scan 0 none 1000000 1000000 12 14 88 /tmp/pw-polling-profile-aagty2rg/l2-sources0-rt88-rep4.csv
$ perf stat --no-big-num -x ; --output /home/dgamroth/workspaces/codex/pipewire/pipewire/doc/dox/internals/benchmark-data/polling-data-loop-pmu-2026-08-25-record/stat-l2-sources0-rt88-rep4.csv --delay=-1 --control=fd:4,9 -e {cycles:u,instructions:u,l2_request_g1.all_no_prefetch:u,l2_cache_req_stat.ic_dc_miss_in_l2:u} -t 1221853
benchmark-stdout:
scan work-sources=0 probe-sources=1 contention=none samples=1000000 warmup=1000000 caller-cpu=12 loop-cpu=14 requested-rt-priority=88 observed-loop-cpu=14 observed-policy=1 observed-priority=88 scheduler-error=0 rate=23800810.4/s p50=0.040us p90=0.050us p99=0.061us p99.9=0.091us max=6.432us control-submitted=0 control-completed=0 control-failed=0
benchmark-stderr:
perf-stdout:
perf-stderr:
Events disabled
Events enabled
Events disabled


$ /home/dgamroth/workspaces/codex/pipewire/pipewire/build/src/tests/pw-test-polling-data-loop --benchmark-scan 16 none 1000000 1000000 12 14 0 /tmp/pw-polling-profile-aagty2rg/l2-sources16-rt0-rep4.csv
$ perf stat --no-big-num -x ; --output /home/dgamroth/workspaces/codex/pipewire/pipewire/doc/dox/internals/benchmark-data/polling-data-loop-pmu-2026-08-25-record/stat-l2-sources16-rt0-rep4.csv --delay=-1 --control=fd:4,9 -e {cycles:u,instructions:u,l2_request_g1.all_no_prefetch:u,l2_cache_req_stat.ic_dc_miss_in_l2:u} -t 1221869
benchmark-stdout:
scan work-sources=16 probe-sources=1 contention=none samples=1000000 warmup=1000000 caller-cpu=12 loop-cpu=14 requested-rt-priority=0 observed-loop-cpu=14 observed-policy=0 observed-priority=0 scheduler-error=0 rate=15996983.6/s p50=0.060us p90=0.070us p99=0.090us p99.9=0.141us max=7.063us control-submitted=0 control-completed=0 control-failed=0
benchmark-stderr:
perf-stdout:
perf-stderr:
Events disabled
Events enabled
Events disabled


$ /home/dgamroth/workspaces/codex/pipewire/pipewire/build/src/tests/pw-test-polling-data-loop --benchmark-scan 64 none 1000000 1000000 12 14 0 /tmp/pw-polling-profile-aagty2rg/dtlb-sources64-rt0-rep4.csv
$ perf stat --no-big-num -x ; --output /home/dgamroth/workspaces/codex/pipewire/pipewire/doc/dox/internals/benchmark-data/polling-data-loop-pmu-2026-08-25-record/stat-dtlb-sources64-rt0-rep4.csv --delay=-1 --control=fd:4,9 -e {cycles:u,instructions:u,l1_dtlb_misses:u,l2_dtlb_misses:u} -t 1221894
benchmark-stdout:
scan work-sources=64 probe-sources=1 contention=none samples=1000000 warmup=1000000 caller-cpu=12 loop-cpu=14 requested-rt-priority=0 observed-loop-cpu=14 observed-policy=0 observed-priority=0 scheduler-error=0 rate=6550879.3/s p50=0.150us p90=0.160us p99=0.171us p99.9=0.341us max=13.335us control-submitted=0 control-completed=0 control-failed=0
benchmark-stderr:
perf-stdout:
perf-stderr:
Events disabled
Events enabled
Events disabled


$ /home/dgamroth/workspaces/codex/pipewire/pipewire/build/src/tests/pw-test-polling-data-loop --benchmark-scan 16 none 1000000 1000000 12 14 0 /tmp/pw-polling-profile-aagty2rg/faults-sources16-rt0-rep5.csv
$ perf stat --no-big-num -x ; --output /home/dgamroth/workspaces/codex/pipewire/pipewire/doc/dox/internals/benchmark-data/polling-data-loop-pmu-2026-08-25-record/stat-faults-sources16-rt0-rep5.csv --delay=-1 --control=fd:4,9 -e {page-faults,minor-faults,major-faults,context-switches,cpu-migrations} -t 1221910
benchmark-stdout:
scan work-sources=16 probe-sources=1 contention=none samples=1000000 warmup=1000000 caller-cpu=12 loop-cpu=14 requested-rt-priority=0 observed-loop-cpu=14 observed-policy=0 observed-priority=0 scheduler-error=0 rate=15739382.5/s p50=0.060us p90=0.070us p99=0.101us p99.9=0.141us max=6.933us control-submitted=0 control-completed=0 control-failed=0
benchmark-stderr:
perf-stdout:
perf-stderr:
Events disabled
Events enabled
Events disabled


$ /home/dgamroth/workspaces/codex/pipewire/pipewire/build/src/tests/pw-test-polling-data-loop --benchmark-scan 0 none 1000000 1000000 12 14 0 /tmp/pw-polling-profile-aagty2rg/faults-sources0-rt0-rep5.csv
$ perf stat --no-big-num -x ; --output /home/dgamroth/workspaces/codex/pipewire/pipewire/doc/dox/internals/benchmark-data/polling-data-loop-pmu-2026-08-25-record/stat-faults-sources0-rt0-rep5.csv --delay=-1 --control=fd:4,9 -e {page-faults,minor-faults,major-faults,context-switches,cpu-migrations} -t 1221921
benchmark-stdout:
scan work-sources=0 probe-sources=1 contention=none samples=1000000 warmup=1000000 caller-cpu=12 loop-cpu=14 requested-rt-priority=0 observed-loop-cpu=14 observed-policy=0 observed-priority=0 scheduler-error=0 rate=22637245.4/s p50=0.040us p90=0.060us p99=0.090us p99.9=0.100us max=8.566us control-submitted=0 control-completed=0 control-failed=0
benchmark-stderr:
perf-stdout:
perf-stderr:
Events disabled
Events enabled
Events disabled


$ /home/dgamroth/workspaces/codex/pipewire/pipewire/build/src/tests/pw-test-polling-data-loop --benchmark-scan 16 none 1000000 1000000 12 14 88 /tmp/pw-polling-profile-aagty2rg/faults-sources16-rt88-rep5.csv
$ perf stat --no-big-num -x ; --output /home/dgamroth/workspaces/codex/pipewire/pipewire/doc/dox/internals/benchmark-data/polling-data-loop-pmu-2026-08-25-record/stat-faults-sources16-rt88-rep5.csv --delay=-1 --control=fd:4,9 -e {page-faults,minor-faults,major-faults,context-switches,cpu-migrations} -t 1221956
benchmark-stdout:
scan work-sources=16 probe-sources=1 contention=none samples=1000000 warmup=1000000 caller-cpu=12 loop-cpu=14 requested-rt-priority=88 observed-loop-cpu=14 observed-policy=1 observed-priority=88 scheduler-error=0 rate=15872672.5/s p50=0.060us p90=0.070us p99=0.120us p99.9=0.130us max=11.592us control-submitted=0 control-completed=0 control-failed=0
benchmark-stderr:
perf-stdout:
perf-stderr:
Events disabled
Events enabled
Events disabled


$ /home/dgamroth/workspaces/codex/pipewire/pipewire/build/src/tests/pw-test-polling-data-loop --benchmark-scan 64 none 1000000 1000000 12 14 0 /tmp/pw-polling-profile-aagty2rg/core-sources64-rt0-rep5.csv
$ perf stat --no-big-num -x ; --output /home/dgamroth/workspaces/codex/pipewire/pipewire/doc/dox/internals/benchmark-data/polling-data-loop-pmu-2026-08-25-record/stat-core-sources64-rt0-rep5.csv --delay=-1 --control=fd:4,9 -e {cycles:u,instructions:u,branches:u,branch-misses:u} -t 1221963
benchmark-stdout:
scan work-sources=64 probe-sources=1 contention=none samples=1000000 warmup=1000000 caller-cpu=12 loop-cpu=14 requested-rt-priority=0 observed-loop-cpu=14 observed-policy=0 observed-priority=0 scheduler-error=0 rate=6576923.7/s p50=0.150us p90=0.160us p99=0.180us p99.9=0.241us max=7.584us control-submitted=0 control-completed=0 control-failed=0
benchmark-stderr:
perf-stdout:
perf-stderr:
Events disabled
Events enabled
Events disabled


$ /home/dgamroth/workspaces/codex/pipewire/pipewire/build/src/tests/pw-test-polling-data-loop --benchmark-scan 1 none 1000000 1000000 12 14 0 /tmp/pw-polling-profile-aagty2rg/l1d-sources1-rt0-rep5.csv
$ perf stat --no-big-num -x ; --output /home/dgamroth/workspaces/codex/pipewire/pipewire/doc/dox/internals/benchmark-data/polling-data-loop-pmu-2026-08-25-record/stat-l1d-sources1-rt0-rep5.csv --delay=-1 --control=fd:4,9 -e {cycles:u,instructions:u,L1-dcache-loads:u,L1-dcache-load-misses:u} -t 1221994
benchmark-stdout:
scan work-sources=1 probe-sources=1 contention=none samples=1000000 warmup=1000000 caller-cpu=12 loop-cpu=14 requested-rt-priority=0 observed-loop-cpu=14 observed-policy=0 observed-priority=0 scheduler-error=0 rate=23624496.8/s p50=0.040us p90=0.050us p99=0.051us p99.9=0.100us max=7.755us control-submitted=0 control-completed=0 control-failed=0
benchmark-stderr:
perf-stdout:
perf-stderr:
Events disabled
Events enabled
Events disabled


$ /home/dgamroth/workspaces/codex/pipewire/pipewire/build/src/tests/pw-test-polling-data-loop --benchmark-scan 16 none 1000000 1000000 12 14 0 /tmp/pw-polling-profile-aagty2rg/l1d-sources16-rt0-rep5.csv
$ perf stat --no-big-num -x ; --output /home/dgamroth/workspaces/codex/pipewire/pipewire/doc/dox/internals/benchmark-data/polling-data-loop-pmu-2026-08-25-record/stat-l1d-sources16-rt0-rep5.csv --delay=-1 --control=fd:4,9 -e {cycles:u,instructions:u,L1-dcache-loads:u,L1-dcache-load-misses:u} -t 1222004
benchmark-stdout:
scan work-sources=16 probe-sources=1 contention=none samples=1000000 warmup=1000000 caller-cpu=12 loop-cpu=14 requested-rt-priority=0 observed-loop-cpu=14 observed-policy=0 observed-priority=0 scheduler-error=0 rate=16049878.1/s p50=0.060us p90=0.070us p99=0.071us p99.9=0.141us max=16.842us control-submitted=0 control-completed=0 control-failed=0
benchmark-stderr:
perf-stdout:
perf-stderr:
Events disabled
Events enabled
Events disabled


$ /home/dgamroth/workspaces/codex/pipewire/pipewire/build/src/tests/pw-test-polling-data-loop --benchmark-scan 64 none 1000000 1000000 12 14 0 /tmp/pw-polling-profile-aagty2rg/faults-sources64-rt0-rep5.csv
$ perf stat --no-big-num -x ; --output /home/dgamroth/workspaces/codex/pipewire/pipewire/doc/dox/internals/benchmark-data/polling-data-loop-pmu-2026-08-25-record/stat-faults-sources64-rt0-rep5.csv --delay=-1 --control=fd:4,9 -e {page-faults,minor-faults,major-faults,context-switches,cpu-migrations} -t 1222014
benchmark-stdout:
scan work-sources=64 probe-sources=1 contention=none samples=1000000 warmup=1000000 caller-cpu=12 loop-cpu=14 requested-rt-priority=0 observed-loop-cpu=14 observed-policy=0 observed-priority=0 scheduler-error=0 rate=6515093.7/s p50=0.150us p90=0.160us p99=0.211us p99.9=0.240us max=10.109us control-submitted=0 control-completed=0 control-failed=0
benchmark-stderr:
perf-stdout:
perf-stderr:
Events disabled
Events enabled
Events disabled


$ /home/dgamroth/workspaces/codex/pipewire/pipewire/build/src/tests/pw-test-polling-data-loop --benchmark-scan 64 none 1000000 1000000 12 14 88 /tmp/pw-polling-profile-aagty2rg/faults-sources64-rt88-rep5.csv
$ perf stat --no-big-num -x ; --output /home/dgamroth/workspaces/codex/pipewire/pipewire/doc/dox/internals/benchmark-data/polling-data-loop-pmu-2026-08-25-record/stat-faults-sources64-rt88-rep5.csv --delay=-1 --control=fd:4,9 -e {page-faults,minor-faults,major-faults,context-switches,cpu-migrations} -t 1222048
benchmark-stdout:
scan work-sources=64 probe-sources=1 contention=none samples=1000000 warmup=1000000 caller-cpu=12 loop-cpu=14 requested-rt-priority=88 observed-loop-cpu=14 observed-policy=1 observed-priority=88 scheduler-error=0 rate=6519955.9/s p50=0.150us p90=0.160us p99=0.220us p99.9=0.340us max=14.868us control-submitted=0 control-completed=0 control-failed=0
benchmark-stderr:
perf-stdout:
perf-stderr:
Events disabled
Events enabled
Events disabled


$ /home/dgamroth/workspaces/codex/pipewire/pipewire/build/src/tests/pw-test-polling-data-loop --benchmark-scan 4 none 1000000 1000000 12 14 0 /tmp/pw-polling-profile-aagty2rg/faults-sources4-rt0-rep5.csv
$ perf stat --no-big-num -x ; --output /home/dgamroth/workspaces/codex/pipewire/pipewire/doc/dox/internals/benchmark-data/polling-data-loop-pmu-2026-08-25-record/stat-faults-sources4-rt0-rep5.csv --delay=-1 --control=fd:4,9 -e {page-faults,minor-faults,major-faults,context-switches,cpu-migrations} -t 1222085
benchmark-stdout:
scan work-sources=4 probe-sources=1 contention=none samples=1000000 warmup=1000000 caller-cpu=12 loop-cpu=14 requested-rt-priority=0 observed-loop-cpu=14 observed-policy=0 observed-priority=0 scheduler-error=0 rate=21846260.2/s p50=0.041us p90=0.050us p99=0.100us p99.9=0.101us max=6.262us control-submitted=0 control-completed=0 control-failed=0
benchmark-stderr:
perf-stdout:
perf-stderr:
Events disabled
Events enabled
Events disabled


$ /home/dgamroth/workspaces/codex/pipewire/pipewire/build/src/tests/pw-test-polling-data-loop --benchmark-scan 4 none 1000000 1000000 12 14 88 /tmp/pw-polling-profile-aagty2rg/l1d-sources4-rt88-rep5.csv
$ perf stat --no-big-num -x ; --output /home/dgamroth/workspaces/codex/pipewire/pipewire/doc/dox/internals/benchmark-data/polling-data-loop-pmu-2026-08-25-record/stat-l1d-sources4-rt88-rep5.csv --delay=-1 --control=fd:4,9 -e {cycles:u,instructions:u,L1-dcache-loads:u,L1-dcache-load-misses:u} -t 1222116
benchmark-stdout:
scan work-sources=4 probe-sources=1 contention=none samples=1000000 warmup=1000000 caller-cpu=12 loop-cpu=14 requested-rt-priority=88 observed-loop-cpu=14 observed-policy=1 observed-priority=88 scheduler-error=0 rate=21103075.0/s p50=0.050us p90=0.050us p99=0.100us p99.9=0.110us max=36.118us control-submitted=0 control-completed=0 control-failed=0
benchmark-stderr:
perf-stdout:
perf-stderr:
Events disabled
Events enabled
Events disabled


$ /home/dgamroth/workspaces/codex/pipewire/pipewire/build/src/tests/pw-test-polling-data-loop --benchmark-scan 0 none 1000000 1000000 12 14 0 /tmp/pw-polling-profile-aagty2rg/core-sources0-rt0-rep5.csv
$ perf stat --no-big-num -x ; --output /home/dgamroth/workspaces/codex/pipewire/pipewire/doc/dox/internals/benchmark-data/polling-data-loop-pmu-2026-08-25-record/stat-core-sources0-rt0-rep5.csv --delay=-1 --control=fd:4,9 -e {cycles:u,instructions:u,branches:u,branch-misses:u} -t 1222142
benchmark-stdout:
scan work-sources=0 probe-sources=1 contention=none samples=1000000 warmup=1000000 caller-cpu=12 loop-cpu=14 requested-rt-priority=0 observed-loop-cpu=14 observed-policy=0 observed-priority=0 scheduler-error=0 rate=23970682.7/s p50=0.040us p90=0.041us p99=0.090us p99.9=0.091us max=6.633us control-submitted=0 control-completed=0 control-failed=0
benchmark-stderr:
perf-stdout:
perf-stderr:
Events disabled
Events enabled
Events disabled


$ /home/dgamroth/workspaces/codex/pipewire/pipewire/build/src/tests/pw-test-polling-data-loop --benchmark-scan 4 none 1000000 1000000 12 14 88 /tmp/pw-polling-profile-aagty2rg/dtlb-sources4-rt88-rep5.csv
$ perf stat --no-big-num -x ; --output /home/dgamroth/workspaces/codex/pipewire/pipewire/doc/dox/internals/benchmark-data/polling-data-loop-pmu-2026-08-25-record/stat-dtlb-sources4-rt88-rep5.csv --delay=-1 --control=fd:4,9 -e {cycles:u,instructions:u,l1_dtlb_misses:u,l2_dtlb_misses:u} -t 1222158
benchmark-stdout:
scan work-sources=4 probe-sources=1 contention=none samples=1000000 warmup=1000000 caller-cpu=12 loop-cpu=14 requested-rt-priority=88 observed-loop-cpu=14 observed-policy=1 observed-priority=88 scheduler-error=0 rate=21722992.6/s p50=0.041us p90=0.050us p99=0.100us p99.9=0.101us max=29.746us control-submitted=0 control-completed=0 control-failed=0
benchmark-stderr:
perf-stdout:
perf-stderr:
Events disabled
Events enabled
Events disabled


$ /home/dgamroth/workspaces/codex/pipewire/pipewire/build/src/tests/pw-test-polling-data-loop --benchmark-scan 0 none 1000000 1000000 12 14 88 /tmp/pw-polling-profile-aagty2rg/faults-sources0-rt88-rep5.csv
$ perf stat --no-big-num -x ; --output /home/dgamroth/workspaces/codex/pipewire/pipewire/doc/dox/internals/benchmark-data/polling-data-loop-pmu-2026-08-25-record/stat-faults-sources0-rt88-rep5.csv --delay=-1 --control=fd:4,9 -e {page-faults,minor-faults,major-faults,context-switches,cpu-migrations} -t 1222183
benchmark-stdout:
scan work-sources=0 probe-sources=1 contention=none samples=1000000 warmup=1000000 caller-cpu=12 loop-cpu=14 requested-rt-priority=88 observed-loop-cpu=14 observed-policy=1 observed-priority=88 scheduler-error=0 rate=24459275.7/s p50=0.040us p90=0.041us p99=0.050us p99.9=0.061us max=14.687us control-submitted=0 control-completed=0 control-failed=0
benchmark-stderr:
perf-stdout:
perf-stderr:
Events disabled
Events enabled
Events disabled


$ /home/dgamroth/workspaces/codex/pipewire/pipewire/build/src/tests/pw-test-polling-data-loop --benchmark-scan 4 none 1000000 1000000 12 14 88 /tmp/pw-polling-profile-aagty2rg/l2-sources4-rt88-rep5.csv
$ perf stat --no-big-num -x ; --output /home/dgamroth/workspaces/codex/pipewire/pipewire/doc/dox/internals/benchmark-data/polling-data-loop-pmu-2026-08-25-record/stat-l2-sources4-rt88-rep5.csv --delay=-1 --control=fd:4,9 -e {cycles:u,instructions:u,l2_request_g1.all_no_prefetch:u,l2_cache_req_stat.ic_dc_miss_in_l2:u} -t 1222216
benchmark-stdout:
scan work-sources=4 probe-sources=1 contention=none samples=1000000 warmup=1000000 caller-cpu=12 loop-cpu=14 requested-rt-priority=88 observed-loop-cpu=14 observed-policy=1 observed-priority=88 scheduler-error=0 rate=21790315.9/s p50=0.041us p90=0.050us p99=0.100us p99.9=0.101us max=6.502us control-submitted=0 control-completed=0 control-failed=0
benchmark-stderr:
perf-stdout:
perf-stderr:
Events disabled
Events enabled
Events disabled


$ /home/dgamroth/workspaces/codex/pipewire/pipewire/build/src/tests/pw-test-polling-data-loop --benchmark-scan 16 none 1000000 1000000 12 14 0 /tmp/pw-polling-profile-aagty2rg/dtlb-sources16-rt0-rep5.csv
$ perf stat --no-big-num -x ; --output /home/dgamroth/workspaces/codex/pipewire/pipewire/doc/dox/internals/benchmark-data/polling-data-loop-pmu-2026-08-25-record/stat-dtlb-sources16-rt0-rep5.csv --delay=-1 --control=fd:4,9 -e {cycles:u,instructions:u,l1_dtlb_misses:u,l2_dtlb_misses:u} -t 1222243
benchmark-stdout:
scan work-sources=16 probe-sources=1 contention=none samples=1000000 warmup=1000000 caller-cpu=12 loop-cpu=14 requested-rt-priority=0 observed-loop-cpu=14 observed-policy=0 observed-priority=0 scheduler-error=0 rate=15722813.3/s p50=0.060us p90=0.070us p99=0.090us p99.9=0.110us max=9.418us control-submitted=0 control-completed=0 control-failed=0
benchmark-stderr:
perf-stdout:
perf-stderr:
Events disabled
Events enabled
Events disabled


$ /home/dgamroth/workspaces/codex/pipewire/pipewire/build/src/tests/pw-test-polling-data-loop --benchmark-scan 1 none 1000000 1000000 12 14 0 /tmp/pw-polling-profile-aagty2rg/l2-sources1-rt0-rep5.csv
$ perf stat --no-big-num -x ; --output /home/dgamroth/workspaces/codex/pipewire/pipewire/doc/dox/internals/benchmark-data/polling-data-loop-pmu-2026-08-25-record/stat-l2-sources1-rt0-rep5.csv --delay=-1 --control=fd:4,9 -e {cycles:u,instructions:u,l2_request_g1.all_no_prefetch:u,l2_cache_req_stat.ic_dc_miss_in_l2:u} -t 1222305
benchmark-stdout:
scan work-sources=1 probe-sources=1 contention=none samples=1000000 warmup=1000000 caller-cpu=12 loop-cpu=14 requested-rt-priority=0 observed-loop-cpu=14 observed-policy=0 observed-priority=0 scheduler-error=0 rate=22942096.3/s p50=0.040us p90=0.050us p99=0.081us p99.9=0.091us max=30.547us control-submitted=0 control-completed=0 control-failed=0
benchmark-stderr:
perf-stdout:
perf-stderr:
Events disabled
Events enabled
Events disabled


$ /home/dgamroth/workspaces/codex/pipewire/pipewire/build/src/tests/pw-test-polling-data-loop --benchmark-scan 64 none 1000000 1000000 12 14 88 /tmp/pw-polling-profile-aagty2rg/l1d-sources64-rt88-rep5.csv
$ perf stat --no-big-num -x ; --output /home/dgamroth/workspaces/codex/pipewire/pipewire/doc/dox/internals/benchmark-data/polling-data-loop-pmu-2026-08-25-record/stat-l1d-sources64-rt88-rep5.csv --delay=-1 --control=fd:4,9 -e {cycles:u,instructions:u,L1-dcache-loads:u,L1-dcache-load-misses:u} -t 1222319
benchmark-stdout:
scan work-sources=64 probe-sources=1 contention=none samples=1000000 warmup=1000000 caller-cpu=12 loop-cpu=14 requested-rt-priority=88 observed-loop-cpu=14 observed-policy=1 observed-priority=88 scheduler-error=0 rate=6582530.6/s p50=0.150us p90=0.151us p99=0.180us p99.9=0.331us max=6.612us control-submitted=0 control-completed=0 control-failed=0
benchmark-stderr:
perf-stdout:
perf-stderr:
Events disabled
Events enabled
Events disabled


$ /home/dgamroth/workspaces/codex/pipewire/pipewire/build/src/tests/pw-test-polling-data-loop --benchmark-scan 1 none 1000000 1000000 12 14 88 /tmp/pw-polling-profile-aagty2rg/l2-sources1-rt88-rep5.csv
$ perf stat --no-big-num -x ; --output /home/dgamroth/workspaces/codex/pipewire/pipewire/doc/dox/internals/benchmark-data/polling-data-loop-pmu-2026-08-25-record/stat-l2-sources1-rt88-rep5.csv --delay=-1 --control=fd:4,9 -e {cycles:u,instructions:u,l2_request_g1.all_no_prefetch:u,l2_cache_req_stat.ic_dc_miss_in_l2:u} -t 1222358
benchmark-stdout:
scan work-sources=1 probe-sources=1 contention=none samples=1000000 warmup=1000000 caller-cpu=12 loop-cpu=14 requested-rt-priority=88 observed-loop-cpu=14 observed-policy=1 observed-priority=88 scheduler-error=0 rate=23122441.6/s p50=0.040us p90=0.050us p99=0.080us p99.9=0.091us max=9.237us control-submitted=0 control-completed=0 control-failed=0
benchmark-stderr:
perf-stdout:
perf-stderr:
Events disabled
Events enabled
Events disabled


$ /home/dgamroth/workspaces/codex/pipewire/pipewire/build/src/tests/pw-test-polling-data-loop --benchmark-scan 0 none 1000000 1000000 12 14 0 /tmp/pw-polling-profile-aagty2rg/l1d-sources0-rt0-rep5.csv
$ perf stat --no-big-num -x ; --output /home/dgamroth/workspaces/codex/pipewire/pipewire/doc/dox/internals/benchmark-data/polling-data-loop-pmu-2026-08-25-record/stat-l1d-sources0-rt0-rep5.csv --delay=-1 --control=fd:4,9 -e {cycles:u,instructions:u,L1-dcache-loads:u,L1-dcache-load-misses:u} -t 1222377
benchmark-stdout:
scan work-sources=0 probe-sources=1 contention=none samples=1000000 warmup=1000000 caller-cpu=12 loop-cpu=14 requested-rt-priority=0 observed-loop-cpu=14 observed-policy=0 observed-priority=0 scheduler-error=0 rate=23934045.2/s p50=0.040us p90=0.050us p99=0.090us p99.9=0.100us max=5.741us control-submitted=0 control-completed=0 control-failed=0
benchmark-stderr:
perf-stdout:
perf-stderr:
Events disabled
Events enabled
Events disabled


$ /home/dgamroth/workspaces/codex/pipewire/pipewire/build/src/tests/pw-test-polling-data-loop --benchmark-scan 16 none 1000000 1000000 12 14 88 /tmp/pw-polling-profile-aagty2rg/core-sources16-rt88-rep5.csv
$ perf stat --no-big-num -x ; --output /home/dgamroth/workspaces/codex/pipewire/pipewire/doc/dox/internals/benchmark-data/polling-data-loop-pmu-2026-08-25-record/stat-core-sources16-rt88-rep5.csv --delay=-1 --control=fd:4,9 -e {cycles:u,instructions:u,branches:u,branch-misses:u} -t 1222381
benchmark-stdout:
scan work-sources=16 probe-sources=1 contention=none samples=1000000 warmup=1000000 caller-cpu=12 loop-cpu=14 requested-rt-priority=88 observed-loop-cpu=14 observed-policy=1 observed-priority=88 scheduler-error=0 rate=16039992.2/s p50=0.060us p90=0.070us p99=0.071us p99.9=0.141us max=13.154us control-submitted=0 control-completed=0 control-failed=0
benchmark-stderr:
perf-stdout:
perf-stderr:
Events disabled
Events enabled
Events disabled


$ /home/dgamroth/workspaces/codex/pipewire/pipewire/build/src/tests/pw-test-polling-data-loop --benchmark-scan 64 none 1000000 1000000 12 14 0 /tmp/pw-polling-profile-aagty2rg/l2-sources64-rt0-rep5.csv
$ perf stat --no-big-num -x ; --output /home/dgamroth/workspaces/codex/pipewire/pipewire/doc/dox/internals/benchmark-data/polling-data-loop-pmu-2026-08-25-record/stat-l2-sources64-rt0-rep5.csv --delay=-1 --control=fd:4,9 -e {cycles:u,instructions:u,l2_request_g1.all_no_prefetch:u,l2_cache_req_stat.ic_dc_miss_in_l2:u} -t 1222418
benchmark-stdout:
scan work-sources=64 probe-sources=1 contention=none samples=1000000 warmup=1000000 caller-cpu=12 loop-cpu=14 requested-rt-priority=0 observed-loop-cpu=14 observed-policy=0 observed-priority=0 scheduler-error=0 rate=6542264.6/s p50=0.150us p90=0.160us p99=0.180us p99.9=0.331us max=11.201us control-submitted=0 control-completed=0 control-failed=0
benchmark-stderr:
perf-stdout:
perf-stderr:
Events disabled
Events enabled
Events disabled


$ /home/dgamroth/workspaces/codex/pipewire/pipewire/build/src/tests/pw-test-polling-data-loop --benchmark-scan 64 none 1000000 1000000 12 14 88 /tmp/pw-polling-profile-aagty2rg/dtlb-sources64-rt88-rep5.csv
$ perf stat --no-big-num -x ; --output /home/dgamroth/workspaces/codex/pipewire/pipewire/doc/dox/internals/benchmark-data/polling-data-loop-pmu-2026-08-25-record/stat-dtlb-sources64-rt88-rep5.csv --delay=-1 --control=fd:4,9 -e {cycles:u,instructions:u,l1_dtlb_misses:u,l2_dtlb_misses:u} -t 1222422
benchmark-stdout:
scan work-sources=64 probe-sources=1 contention=none samples=1000000 warmup=1000000 caller-cpu=12 loop-cpu=14 requested-rt-priority=88 observed-loop-cpu=14 observed-policy=1 observed-priority=88 scheduler-error=0 rate=6419403.4/s p50=0.151us p90=0.170us p99=0.200us p99.9=0.230us max=9.608us control-submitted=0 control-completed=0 control-failed=0
benchmark-stderr:
perf-stdout:
perf-stderr:
Events disabled
Events enabled
Events disabled


$ /home/dgamroth/workspaces/codex/pipewire/pipewire/build/src/tests/pw-test-polling-data-loop --benchmark-scan 16 none 1000000 1000000 12 14 0 /tmp/pw-polling-profile-aagty2rg/l2-sources16-rt0-rep5.csv
$ perf stat --no-big-num -x ; --output /home/dgamroth/workspaces/codex/pipewire/pipewire/doc/dox/internals/benchmark-data/polling-data-loop-pmu-2026-08-25-record/stat-l2-sources16-rt0-rep5.csv --delay=-1 --control=fd:4,9 -e {cycles:u,instructions:u,l2_request_g1.all_no_prefetch:u,l2_cache_req_stat.ic_dc_miss_in_l2:u} -t 1222460
benchmark-stdout:
scan work-sources=16 probe-sources=1 contention=none samples=1000000 warmup=1000000 caller-cpu=12 loop-cpu=14 requested-rt-priority=0 observed-loop-cpu=14 observed-policy=0 observed-priority=0 scheduler-error=0 rate=15906271.8/s p50=0.060us p90=0.070us p99=0.130us p99.9=0.141us max=6.041us control-submitted=0 control-completed=0 control-failed=0
benchmark-stderr:
perf-stdout:
perf-stderr:
Events disabled
Events enabled
Events disabled


$ /home/dgamroth/workspaces/codex/pipewire/pipewire/build/src/tests/pw-test-polling-data-loop --benchmark-scan 0 none 1000000 1000000 12 14 0 /tmp/pw-polling-profile-aagty2rg/dtlb-sources0-rt0-rep5.csv
$ perf stat --no-big-num -x ; --output /home/dgamroth/workspaces/codex/pipewire/pipewire/doc/dox/internals/benchmark-data/polling-data-loop-pmu-2026-08-25-record/stat-dtlb-sources0-rt0-rep5.csv --delay=-1 --control=fd:4,9 -e {cycles:u,instructions:u,l1_dtlb_misses:u,l2_dtlb_misses:u} -t 1222468
benchmark-stdout:
scan work-sources=0 probe-sources=1 contention=none samples=1000000 warmup=1000000 caller-cpu=12 loop-cpu=14 requested-rt-priority=0 observed-loop-cpu=14 observed-policy=0 observed-priority=0 scheduler-error=0 rate=23610665.8/s p50=0.040us p90=0.050us p99=0.090us p99.9=0.100us max=12.994us control-submitted=0 control-completed=0 control-failed=0
benchmark-stderr:
perf-stdout:
perf-stderr:
Events disabled
Events enabled
Events disabled


$ /home/dgamroth/workspaces/codex/pipewire/pipewire/build/src/tests/pw-test-polling-data-loop --benchmark-scan 4 none 1000000 1000000 12 14 88 /tmp/pw-polling-profile-aagty2rg/core-sources4-rt88-rep5.csv
$ perf stat --no-big-num -x ; --output /home/dgamroth/workspaces/codex/pipewire/pipewire/doc/dox/internals/benchmark-data/polling-data-loop-pmu-2026-08-25-record/stat-core-sources4-rt88-rep5.csv --delay=-1 --control=fd:4,9 -e {cycles:u,instructions:u,branches:u,branch-misses:u} -t 1222487
benchmark-stdout:
scan work-sources=4 probe-sources=1 contention=none samples=1000000 warmup=1000000 caller-cpu=12 loop-cpu=14 requested-rt-priority=88 observed-loop-cpu=14 observed-policy=1 observed-priority=88 scheduler-error=0 rate=21709347.6/s p50=0.050us p90=0.050us p99=0.100us p99.9=0.101us max=4.729us control-submitted=0 control-completed=0 control-failed=0
benchmark-stderr:
perf-stdout:
perf-stderr:
Events disabled
Events enabled
Events disabled


$ /home/dgamroth/workspaces/codex/pipewire/pipewire/build/src/tests/pw-test-polling-data-loop --benchmark-scan 4 none 1000000 1000000 12 14 0 /tmp/pw-polling-profile-aagty2rg/l2-sources4-rt0-rep5.csv
$ perf stat --no-big-num -x ; --output /home/dgamroth/workspaces/codex/pipewire/pipewire/doc/dox/internals/benchmark-data/polling-data-loop-pmu-2026-08-25-record/stat-l2-sources4-rt0-rep5.csv --delay=-1 --control=fd:4,9 -e {cycles:u,instructions:u,l2_request_g1.all_no_prefetch:u,l2_cache_req_stat.ic_dc_miss_in_l2:u} -t 1222509
benchmark-stdout:
scan work-sources=4 probe-sources=1 contention=none samples=1000000 warmup=1000000 caller-cpu=12 loop-cpu=14 requested-rt-priority=0 observed-loop-cpu=14 observed-policy=0 observed-priority=0 scheduler-error=0 rate=21655548.5/s p50=0.050us p90=0.050us p99=0.100us p99.9=0.110us max=6.462us control-submitted=0 control-completed=0 control-failed=0
benchmark-stderr:
perf-stdout:
perf-stderr:
Events disabled
Events enabled
Events disabled


$ /home/dgamroth/workspaces/codex/pipewire/pipewire/build/src/tests/pw-test-polling-data-loop --benchmark-scan 0 none 1000000 1000000 12 14 88 /tmp/pw-polling-profile-aagty2rg/l2-sources0-rt88-rep5.csv
$ perf stat --no-big-num -x ; --output /home/dgamroth/workspaces/codex/pipewire/pipewire/doc/dox/internals/benchmark-data/polling-data-loop-pmu-2026-08-25-record/stat-l2-sources0-rt88-rep5.csv --delay=-1 --control=fd:4,9 -e {cycles:u,instructions:u,l2_request_g1.all_no_prefetch:u,l2_cache_req_stat.ic_dc_miss_in_l2:u} -t 1222528
benchmark-stdout:
scan work-sources=0 probe-sources=1 contention=none samples=1000000 warmup=1000000 caller-cpu=12 loop-cpu=14 requested-rt-priority=88 observed-loop-cpu=14 observed-policy=1 observed-priority=88 scheduler-error=0 rate=22304500.6/s p50=0.040us p90=0.060us p99=0.090us p99.9=0.091us max=15.309us control-submitted=0 control-completed=0 control-failed=0
benchmark-stderr:
perf-stdout:
perf-stderr:
Events disabled
Events enabled
Events disabled


$ /home/dgamroth/workspaces/codex/pipewire/pipewire/build/src/tests/pw-test-polling-data-loop --benchmark-scan 4 none 1000000 1000000 12 14 0 /tmp/pw-polling-profile-aagty2rg/core-sources4-rt0-rep5.csv
$ perf stat --no-big-num -x ; --output /home/dgamroth/workspaces/codex/pipewire/pipewire/doc/dox/internals/benchmark-data/polling-data-loop-pmu-2026-08-25-record/stat-core-sources4-rt0-rep5.csv --delay=-1 --control=fd:4,9 -e {cycles:u,instructions:u,branches:u,branch-misses:u} -t 1222538
benchmark-stdout:
scan work-sources=4 probe-sources=1 contention=none samples=1000000 warmup=1000000 caller-cpu=12 loop-cpu=14 requested-rt-priority=0 observed-loop-cpu=14 observed-policy=0 observed-priority=0 scheduler-error=0 rate=22049956.7/s p50=0.050us p90=0.050us p99=0.051us p99.9=0.070us max=5.691us control-submitted=0 control-completed=0 control-failed=0
benchmark-stderr:
perf-stdout:
perf-stderr:
Events disabled
Events enabled
Events disabled


$ /home/dgamroth/workspaces/codex/pipewire/pipewire/build/src/tests/pw-test-polling-data-loop --benchmark-scan 64 none 1000000 1000000 12 14 88 /tmp/pw-polling-profile-aagty2rg/core-sources64-rt88-rep5.csv
$ perf stat --no-big-num -x ; --output /home/dgamroth/workspaces/codex/pipewire/pipewire/doc/dox/internals/benchmark-data/polling-data-loop-pmu-2026-08-25-record/stat-core-sources64-rt88-rep5.csv --delay=-1 --control=fd:4,9 -e {cycles:u,instructions:u,branches:u,branch-misses:u} -t 1222564
benchmark-stdout:
scan work-sources=64 probe-sources=1 contention=none samples=1000000 warmup=1000000 caller-cpu=12 loop-cpu=14 requested-rt-priority=88 observed-loop-cpu=14 observed-policy=1 observed-priority=88 scheduler-error=0 rate=6541014.4/s p50=0.150us p90=0.160us p99=0.171us p99.9=0.331us max=9.648us control-submitted=0 control-completed=0 control-failed=0
benchmark-stderr:
perf-stdout:
perf-stderr:
Events disabled
Events enabled
Events disabled


$ /home/dgamroth/workspaces/codex/pipewire/pipewire/build/src/tests/pw-test-polling-data-loop --benchmark-scan 16 none 1000000 1000000 12 14 88 /tmp/pw-polling-profile-aagty2rg/l1d-sources16-rt88-rep5.csv
$ perf stat --no-big-num -x ; --output /home/dgamroth/workspaces/codex/pipewire/pipewire/doc/dox/internals/benchmark-data/polling-data-loop-pmu-2026-08-25-record/stat-l1d-sources16-rt88-rep5.csv --delay=-1 --control=fd:4,9 -e {cycles:u,instructions:u,L1-dcache-loads:u,L1-dcache-load-misses:u} -t 1222580
benchmark-stdout:
scan work-sources=16 probe-sources=1 contention=none samples=1000000 warmup=1000000 caller-cpu=12 loop-cpu=14 requested-rt-priority=88 observed-loop-cpu=14 observed-policy=1 observed-priority=88 scheduler-error=0 rate=15994586.7/s p50=0.060us p90=0.070us p99=0.090us p99.9=0.141us max=12.674us control-submitted=0 control-completed=0 control-failed=0
benchmark-stderr:
perf-stdout:
perf-stderr:
Events disabled
Events enabled
Events disabled


$ /home/dgamroth/workspaces/codex/pipewire/pipewire/build/src/tests/pw-test-polling-data-loop --benchmark-scan 16 none 1000000 1000000 12 14 88 /tmp/pw-polling-profile-aagty2rg/l2-sources16-rt88-rep5.csv
$ perf stat --no-big-num -x ; --output /home/dgamroth/workspaces/codex/pipewire/pipewire/doc/dox/internals/benchmark-data/polling-data-loop-pmu-2026-08-25-record/stat-l2-sources16-rt88-rep5.csv --delay=-1 --control=fd:4,9 -e {cycles:u,instructions:u,l2_request_g1.all_no_prefetch:u,l2_cache_req_stat.ic_dc_miss_in_l2:u} -t 1222599
benchmark-stdout:
scan work-sources=16 probe-sources=1 contention=none samples=1000000 warmup=1000000 caller-cpu=12 loop-cpu=14 requested-rt-priority=88 observed-loop-cpu=14 observed-policy=1 observed-priority=88 scheduler-error=0 rate=15327769.9/s p50=0.060us p90=0.070us p99=0.131us p99.9=0.150us max=6.893us control-submitted=0 control-completed=0 control-failed=0
benchmark-stderr:
perf-stdout:
perf-stderr:
Events disabled
Events enabled
Events disabled


$ /home/dgamroth/workspaces/codex/pipewire/pipewire/build/src/tests/pw-test-polling-data-loop --benchmark-scan 0 none 1000000 1000000 12 14 88 /tmp/pw-polling-profile-aagty2rg/l1d-sources0-rt88-rep5.csv
$ perf stat --no-big-num -x ; --output /home/dgamroth/workspaces/codex/pipewire/pipewire/doc/dox/internals/benchmark-data/polling-data-loop-pmu-2026-08-25-record/stat-l1d-sources0-rt88-rep5.csv --delay=-1 --control=fd:4,9 -e {cycles:u,instructions:u,L1-dcache-loads:u,L1-dcache-load-misses:u} -t 1222621
benchmark-stdout:
scan work-sources=0 probe-sources=1 contention=none samples=1000000 warmup=1000000 caller-cpu=12 loop-cpu=14 requested-rt-priority=88 observed-loop-cpu=14 observed-policy=1 observed-priority=88 scheduler-error=0 rate=24286841.8/s p50=0.040us p90=0.041us p99=0.051us p99.9=0.091us max=6.182us control-submitted=0 control-completed=0 control-failed=0
benchmark-stderr:
perf-stdout:
perf-stderr:
Events disabled
Events enabled
Events disabled


$ /home/dgamroth/workspaces/codex/pipewire/pipewire/build/src/tests/pw-test-polling-data-loop --benchmark-scan 1 none 1000000 1000000 12 14 0 /tmp/pw-polling-profile-aagty2rg/dtlb-sources1-rt0-rep5.csv
$ perf stat --no-big-num -x ; --output /home/dgamroth/workspaces/codex/pipewire/pipewire/doc/dox/internals/benchmark-data/polling-data-loop-pmu-2026-08-25-record/stat-dtlb-sources1-rt0-rep5.csv --delay=-1 --control=fd:4,9 -e {cycles:u,instructions:u,l1_dtlb_misses:u,l2_dtlb_misses:u} -t 1222625
benchmark-stdout:
scan work-sources=1 probe-sources=1 contention=none samples=1000000 warmup=1000000 caller-cpu=12 loop-cpu=14 requested-rt-priority=0 observed-loop-cpu=14 observed-policy=0 observed-priority=0 scheduler-error=0 rate=23390813.2/s p50=0.040us p90=0.050us p99=0.051us p99.9=0.100us max=6.082us control-submitted=0 control-completed=0 control-failed=0
benchmark-stderr:
perf-stdout:
perf-stderr:
Events disabled
Events enabled
Events disabled


$ /home/dgamroth/workspaces/codex/pipewire/pipewire/build/src/tests/pw-test-polling-data-loop --benchmark-scan 64 none 1000000 1000000 12 14 0 /tmp/pw-polling-profile-aagty2rg/dtlb-sources64-rt0-rep5.csv
$ perf stat --no-big-num -x ; --output /home/dgamroth/workspaces/codex/pipewire/pipewire/doc/dox/internals/benchmark-data/polling-data-loop-pmu-2026-08-25-record/stat-dtlb-sources64-rt0-rep5.csv --delay=-1 --control=fd:4,9 -e {cycles:u,instructions:u,l1_dtlb_misses:u,l2_dtlb_misses:u} -t 1222662
benchmark-stdout:
scan work-sources=64 probe-sources=1 contention=none samples=1000000 warmup=1000000 caller-cpu=12 loop-cpu=14 requested-rt-priority=0 observed-loop-cpu=14 observed-policy=0 observed-priority=0 scheduler-error=0 rate=6363132.6/s p50=0.151us p90=0.161us p99=0.171us p99.9=0.331us max=221.475us control-submitted=0 control-completed=0 control-failed=0
benchmark-stderr:
perf-stdout:
perf-stderr:
Events disabled
Events enabled
Events disabled


$ /home/dgamroth/workspaces/codex/pipewire/pipewire/build/src/tests/pw-test-polling-data-loop --benchmark-scan 1 none 1000000 1000000 12 14 88 /tmp/pw-polling-profile-aagty2rg/dtlb-sources1-rt88-rep5.csv
$ perf stat --no-big-num -x ; --output /home/dgamroth/workspaces/codex/pipewire/pipewire/doc/dox/internals/benchmark-data/polling-data-loop-pmu-2026-08-25-record/stat-dtlb-sources1-rt88-rep5.csv --delay=-1 --control=fd:4,9 -e {cycles:u,instructions:u,l1_dtlb_misses:u,l2_dtlb_misses:u} -t 1222667
benchmark-stdout:
scan work-sources=1 probe-sources=1 contention=none samples=1000000 warmup=1000000 caller-cpu=12 loop-cpu=14 requested-rt-priority=88 observed-loop-cpu=14 observed-policy=1 observed-priority=88 scheduler-error=0 rate=23437703.6/s p50=0.040us p90=0.050us p99=0.090us p99.9=0.101us max=14.297us control-submitted=0 control-completed=0 control-failed=0
benchmark-stderr:
perf-stdout:
perf-stderr:
Events disabled
Events enabled
Events disabled


$ /home/dgamroth/workspaces/codex/pipewire/pipewire/build/src/tests/pw-test-polling-data-loop --benchmark-scan 0 none 1000000 1000000 12 14 88 /tmp/pw-polling-profile-aagty2rg/dtlb-sources0-rt88-rep5.csv
$ perf stat --no-big-num -x ; --output /home/dgamroth/workspaces/codex/pipewire/pipewire/doc/dox/internals/benchmark-data/polling-data-loop-pmu-2026-08-25-record/stat-dtlb-sources0-rt88-rep5.csv --delay=-1 --control=fd:4,9 -e {cycles:u,instructions:u,l1_dtlb_misses:u,l2_dtlb_misses:u} -t 1222689
benchmark-stdout:
scan work-sources=0 probe-sources=1 contention=none samples=1000000 warmup=1000000 caller-cpu=12 loop-cpu=14 requested-rt-priority=88 observed-loop-cpu=14 observed-policy=1 observed-priority=88 scheduler-error=0 rate=23993010.4/s p50=0.040us p90=0.041us p99=0.090us p99.9=0.091us max=9.918us control-submitted=0 control-completed=0 control-failed=0
benchmark-stderr:
perf-stdout:
perf-stderr:
Events disabled
Events enabled
Events disabled


$ /home/dgamroth/workspaces/codex/pipewire/pipewire/build/src/tests/pw-test-polling-data-loop --benchmark-scan 1 none 1000000 1000000 12 14 88 /tmp/pw-polling-profile-aagty2rg/l1d-sources1-rt88-rep5.csv
$ perf stat --no-big-num -x ; --output /home/dgamroth/workspaces/codex/pipewire/pipewire/doc/dox/internals/benchmark-data/polling-data-loop-pmu-2026-08-25-record/stat-l1d-sources1-rt88-rep5.csv --delay=-1 --control=fd:4,9 -e {cycles:u,instructions:u,L1-dcache-loads:u,L1-dcache-load-misses:u} -t 1222709
benchmark-stdout:
scan work-sources=1 probe-sources=1 contention=none samples=1000000 warmup=1000000 caller-cpu=12 loop-cpu=14 requested-rt-priority=88 observed-loop-cpu=14 observed-policy=1 observed-priority=88 scheduler-error=0 rate=23434913.4/s p50=0.040us p90=0.050us p99=0.090us p99.9=0.100us max=13.917us control-submitted=0 control-completed=0 control-failed=0
benchmark-stderr:
perf-stdout:
perf-stderr:
Events disabled
Events enabled
Events disabled


$ /home/dgamroth/workspaces/codex/pipewire/pipewire/build/src/tests/pw-test-polling-data-loop --benchmark-scan 0 none 1000000 1000000 12 14 88 /tmp/pw-polling-profile-aagty2rg/core-sources0-rt88-rep5.csv
$ perf stat --no-big-num -x ; --output /home/dgamroth/workspaces/codex/pipewire/pipewire/doc/dox/internals/benchmark-data/polling-data-loop-pmu-2026-08-25-record/stat-core-sources0-rt88-rep5.csv --delay=-1 --control=fd:4,9 -e {cycles:u,instructions:u,branches:u,branch-misses:u} -t 1222749
benchmark-stdout:
scan work-sources=0 probe-sources=1 contention=none samples=1000000 warmup=1000000 caller-cpu=12 loop-cpu=14 requested-rt-priority=88 observed-loop-cpu=14 observed-policy=1 observed-priority=88 scheduler-error=0 rate=24020408.7/s p50=0.040us p90=0.050us p99=0.060us p99.9=0.081us max=5.009us control-submitted=0 control-completed=0 control-failed=0
benchmark-stderr:
perf-stdout:
perf-stderr:
Events disabled
Events enabled
Events disabled


$ /home/dgamroth/workspaces/codex/pipewire/pipewire/build/src/tests/pw-test-polling-data-loop --benchmark-scan 0 none 1000000 1000000 12 14 0 /tmp/pw-polling-profile-aagty2rg/l2-sources0-rt0-rep5.csv
$ perf stat --no-big-num -x ; --output /home/dgamroth/workspaces/codex/pipewire/pipewire/doc/dox/internals/benchmark-data/polling-data-loop-pmu-2026-08-25-record/stat-l2-sources0-rt0-rep5.csv --delay=-1 --control=fd:4,9 -e {cycles:u,instructions:u,l2_request_g1.all_no_prefetch:u,l2_cache_req_stat.ic_dc_miss_in_l2:u} -t 1222768
benchmark-stdout:
scan work-sources=0 probe-sources=1 contention=none samples=1000000 warmup=1000000 caller-cpu=12 loop-cpu=14 requested-rt-priority=0 observed-loop-cpu=14 observed-policy=0 observed-priority=0 scheduler-error=0 rate=24032901.0/s p50=0.040us p90=0.041us p99=0.090us p99.9=0.091us max=5.279us control-submitted=0 control-completed=0 control-failed=0
benchmark-stderr:
perf-stdout:
perf-stderr:
Events disabled
Events enabled
Events disabled


$ /home/dgamroth/workspaces/codex/pipewire/pipewire/build/src/tests/pw-test-polling-data-loop --benchmark-scan 4 none 1000000 1000000 12 14 88 /tmp/pw-polling-profile-aagty2rg/faults-sources4-rt88-rep5.csv
$ perf stat --no-big-num -x ; --output /home/dgamroth/workspaces/codex/pipewire/pipewire/doc/dox/internals/benchmark-data/polling-data-loop-pmu-2026-08-25-record/stat-faults-sources4-rt88-rep5.csv --delay=-1 --control=fd:4,9 -e {page-faults,minor-faults,major-faults,context-switches,cpu-migrations} -t 1222809
benchmark-stdout:
scan work-sources=4 probe-sources=1 contention=none samples=1000000 warmup=1000000 caller-cpu=12 loop-cpu=14 requested-rt-priority=88 observed-loop-cpu=14 observed-policy=1 observed-priority=88 scheduler-error=0 rate=21864406.8/s p50=0.041us p90=0.050us p99=0.100us p99.9=0.101us max=5.901us control-submitted=0 control-completed=0 control-failed=0
benchmark-stderr:
perf-stdout:
perf-stderr:
Events disabled
Events enabled
Events disabled


$ /home/dgamroth/workspaces/codex/pipewire/pipewire/build/src/tests/pw-test-polling-data-loop --benchmark-scan 64 none 1000000 1000000 12 14 0 /tmp/pw-polling-profile-aagty2rg/l1d-sources64-rt0-rep5.csv
$ perf stat --no-big-num -x ; --output /home/dgamroth/workspaces/codex/pipewire/pipewire/doc/dox/internals/benchmark-data/polling-data-loop-pmu-2026-08-25-record/stat-l1d-sources64-rt0-rep5.csv --delay=-1 --control=fd:4,9 -e {cycles:u,instructions:u,L1-dcache-loads:u,L1-dcache-load-misses:u} -t 1222829
benchmark-stdout:
scan work-sources=64 probe-sources=1 contention=none samples=1000000 warmup=1000000 caller-cpu=12 loop-cpu=14 requested-rt-priority=0 observed-loop-cpu=14 observed-policy=0 observed-priority=0 scheduler-error=0 rate=6586873.3/s p50=0.150us p90=0.151us p99=0.161us p99.9=0.340us max=11.391us control-submitted=0 control-completed=0 control-failed=0
benchmark-stderr:
perf-stdout:
perf-stderr:
Events disabled
Events enabled
Events disabled


$ /home/dgamroth/workspaces/codex/pipewire/pipewire/build/src/tests/pw-test-polling-data-loop --benchmark-scan 16 none 1000000 1000000 12 14 88 /tmp/pw-polling-profile-aagty2rg/dtlb-sources16-rt88-rep5.csv
$ perf stat --no-big-num -x ; --output /home/dgamroth/workspaces/codex/pipewire/pipewire/doc/dox/internals/benchmark-data/polling-data-loop-pmu-2026-08-25-record/stat-dtlb-sources16-rt88-rep5.csv --delay=-1 --control=fd:4,9 -e {cycles:u,instructions:u,l1_dtlb_misses:u,l2_dtlb_misses:u} -t 1222857
benchmark-stdout:
scan work-sources=16 probe-sources=1 contention=none samples=1000000 warmup=1000000 caller-cpu=12 loop-cpu=14 requested-rt-priority=88 observed-loop-cpu=14 observed-policy=1 observed-priority=88 scheduler-error=0 rate=15438914.5/s p50=0.060us p90=0.070us p99=0.101us p99.9=0.130us max=8.576us control-submitted=0 control-completed=0 control-failed=0
benchmark-stderr:
perf-stdout:
perf-stderr:
Events disabled
Events enabled
Events disabled


$ /home/dgamroth/workspaces/codex/pipewire/pipewire/build/src/tests/pw-test-polling-data-loop --benchmark-scan 4 none 1000000 1000000 12 14 0 /tmp/pw-polling-profile-aagty2rg/dtlb-sources4-rt0-rep5.csv
$ perf stat --no-big-num -x ; --output /home/dgamroth/workspaces/codex/pipewire/pipewire/doc/dox/internals/benchmark-data/polling-data-loop-pmu-2026-08-25-record/stat-dtlb-sources4-rt0-rep5.csv --delay=-1 --control=fd:4,9 -e {cycles:u,instructions:u,l1_dtlb_misses:u,l2_dtlb_misses:u} -t 1222887
benchmark-stdout:
scan work-sources=4 probe-sources=1 contention=none samples=1000000 warmup=1000000 caller-cpu=12 loop-cpu=14 requested-rt-priority=0 observed-loop-cpu=14 observed-policy=0 observed-priority=0 scheduler-error=0 rate=22075721.4/s p50=0.050us p90=0.050us p99=0.051us p99.9=0.070us max=7.123us control-submitted=0 control-completed=0 control-failed=0
benchmark-stderr:
perf-stdout:
perf-stderr:
Events disabled
Events enabled
Events disabled


$ /home/dgamroth/workspaces/codex/pipewire/pipewire/build/src/tests/pw-test-polling-data-loop --benchmark-scan 1 none 1000000 1000000 12 14 0 /tmp/pw-polling-profile-aagty2rg/core-sources1-rt0-rep5.csv
$ perf stat --no-big-num -x ; --output /home/dgamroth/workspaces/codex/pipewire/pipewire/doc/dox/internals/benchmark-data/polling-data-loop-pmu-2026-08-25-record/stat-core-sources1-rt0-rep5.csv --delay=-1 --control=fd:4,9 -e {cycles:u,instructions:u,branches:u,branch-misses:u} -t 1222912
benchmark-stdout:
scan work-sources=1 probe-sources=1 contention=none samples=1000000 warmup=1000000 caller-cpu=12 loop-cpu=14 requested-rt-priority=0 observed-loop-cpu=14 observed-policy=0 observed-priority=0 scheduler-error=0 rate=23233201.6/s p50=0.040us p90=0.050us p99=0.070us p99.9=0.100us max=10.590us control-submitted=0 control-completed=0 control-failed=0
benchmark-stderr:
perf-stdout:
perf-stderr:
Events disabled
Events enabled
Events disabled


$ /home/dgamroth/workspaces/codex/pipewire/pipewire/build/src/tests/pw-test-polling-data-loop --benchmark-scan 1 none 1000000 1000000 12 14 88 /tmp/pw-polling-profile-aagty2rg/faults-sources1-rt88-rep5.csv
$ perf stat --no-big-num -x ; --output /home/dgamroth/workspaces/codex/pipewire/pipewire/doc/dox/internals/benchmark-data/polling-data-loop-pmu-2026-08-25-record/stat-faults-sources1-rt88-rep5.csv --delay=-1 --control=fd:4,9 -e {page-faults,minor-faults,major-faults,context-switches,cpu-migrations} -t 1222929
benchmark-stdout:
scan work-sources=1 probe-sources=1 contention=none samples=1000000 warmup=1000000 caller-cpu=12 loop-cpu=14 requested-rt-priority=88 observed-loop-cpu=14 observed-policy=1 observed-priority=88 scheduler-error=0 rate=23091522.6/s p50=0.040us p90=0.050us p99=0.090us p99.9=0.101us max=31.950us control-submitted=0 control-completed=0 control-failed=0
benchmark-stderr:
perf-stdout:
perf-stderr:
Events disabled
Events enabled
Events disabled


$ /home/dgamroth/workspaces/codex/pipewire/pipewire/build/src/tests/pw-test-polling-data-loop --benchmark-scan 1 none 1000000 1000000 12 14 0 /tmp/pw-polling-profile-aagty2rg/faults-sources1-rt0-rep5.csv
$ perf stat --no-big-num -x ; --output /home/dgamroth/workspaces/codex/pipewire/pipewire/doc/dox/internals/benchmark-data/polling-data-loop-pmu-2026-08-25-record/stat-faults-sources1-rt0-rep5.csv --delay=-1 --control=fd:4,9 -e {page-faults,minor-faults,major-faults,context-switches,cpu-migrations} -t 1222939
benchmark-stdout:
scan work-sources=1 probe-sources=1 contention=none samples=1000000 warmup=1000000 caller-cpu=12 loop-cpu=14 requested-rt-priority=0 observed-loop-cpu=14 observed-policy=0 observed-priority=0 scheduler-error=0 rate=23610246.6/s p50=0.040us p90=0.050us p99=0.051us p99.9=0.100us max=6.202us control-submitted=0 control-completed=0 control-failed=0
benchmark-stderr:
perf-stdout:
perf-stderr:
Events disabled
Events enabled
Events disabled


$ /home/dgamroth/workspaces/codex/pipewire/pipewire/build/src/tests/pw-test-polling-data-loop --benchmark-scan 16 none 1000000 1000000 12 14 0 /tmp/pw-polling-profile-aagty2rg/core-sources16-rt0-rep5.csv
$ perf stat --no-big-num -x ; --output /home/dgamroth/workspaces/codex/pipewire/pipewire/doc/dox/internals/benchmark-data/polling-data-loop-pmu-2026-08-25-record/stat-core-sources16-rt0-rep5.csv --delay=-1 --control=fd:4,9 -e {cycles:u,instructions:u,branches:u,branch-misses:u} -t 1222970
benchmark-stdout:
scan work-sources=16 probe-sources=1 contention=none samples=1000000 warmup=1000000 caller-cpu=12 loop-cpu=14 requested-rt-priority=0 observed-loop-cpu=14 observed-policy=0 observed-priority=0 scheduler-error=0 rate=16075823.9/s p50=0.060us p90=0.070us p99=0.071us p99.9=0.140us max=7.173us control-submitted=0 control-completed=0 control-failed=0
benchmark-stderr:
perf-stdout:
perf-stderr:
Events disabled
Events enabled
Events disabled


$ /home/dgamroth/workspaces/codex/pipewire/pipewire/build/src/tests/pw-test-polling-data-loop --benchmark-scan 64 none 1000000 1000000 12 14 88 /tmp/pw-polling-profile-aagty2rg/l2-sources64-rt88-rep5.csv
$ perf stat --no-big-num -x ; --output /home/dgamroth/workspaces/codex/pipewire/pipewire/doc/dox/internals/benchmark-data/polling-data-loop-pmu-2026-08-25-record/stat-l2-sources64-rt88-rep5.csv --delay=-1 --control=fd:4,9 -e {cycles:u,instructions:u,l2_request_g1.all_no_prefetch:u,l2_cache_req_stat.ic_dc_miss_in_l2:u} -t 1222980
benchmark-stdout:
scan work-sources=64 probe-sources=1 contention=none samples=1000000 warmup=1000000 caller-cpu=12 loop-cpu=14 requested-rt-priority=88 observed-loop-cpu=14 observed-policy=1 observed-priority=88 scheduler-error=0 rate=6572970.2/s p50=0.150us p90=0.160us p99=0.161us p99.9=0.331us max=8.646us control-submitted=0 control-completed=0 control-failed=0
benchmark-stderr:
perf-stdout:
perf-stderr:
Events disabled
Events enabled
Events disabled


$ /home/dgamroth/workspaces/codex/pipewire/pipewire/build/src/tests/pw-test-polling-data-loop --benchmark-scan 4 none 1000000 1000000 12 14 0 /tmp/pw-polling-profile-aagty2rg/l1d-sources4-rt0-rep5.csv
$ perf stat --no-big-num -x ; --output /home/dgamroth/workspaces/codex/pipewire/pipewire/doc/dox/internals/benchmark-data/polling-data-loop-pmu-2026-08-25-record/stat-l1d-sources4-rt0-rep5.csv --delay=-1 --control=fd:4,9 -e {cycles:u,instructions:u,L1-dcache-loads:u,L1-dcache-load-misses:u} -t 1222996
benchmark-stdout:
scan work-sources=4 probe-sources=1 contention=none samples=1000000 warmup=1000000 caller-cpu=12 loop-cpu=14 requested-rt-priority=0 observed-loop-cpu=14 observed-policy=0 observed-priority=0 scheduler-error=0 rate=21887166.2/s p50=0.050us p90=0.050us p99=0.070us p99.9=0.101us max=6.732us control-submitted=0 control-completed=0 control-failed=0
benchmark-stderr:
perf-stdout:
perf-stderr:
Events disabled
Events enabled
Events disabled


$ /home/dgamroth/workspaces/codex/pipewire/pipewire/build/src/tests/pw-test-polling-data-loop --benchmark-scan 1 none 1000000 1000000 12 14 88 /tmp/pw-polling-profile-aagty2rg/core-sources1-rt88-rep5.csv
$ perf stat --no-big-num -x ; --output /home/dgamroth/workspaces/codex/pipewire/pipewire/doc/dox/internals/benchmark-data/polling-data-loop-pmu-2026-08-25-record/stat-core-sources1-rt88-rep5.csv --delay=-1 --control=fd:4,9 -e {cycles:u,instructions:u,branches:u,branch-misses:u} -t 1223021
benchmark-stdout:
scan work-sources=1 probe-sources=1 contention=none samples=1000000 warmup=1000000 caller-cpu=12 loop-cpu=14 requested-rt-priority=88 observed-loop-cpu=14 observed-policy=1 observed-priority=88 scheduler-error=0 rate=23519434.5/s p50=0.040us p90=0.050us p99=0.090us p99.9=0.100us max=35.386us control-submitted=0 control-completed=0 control-failed=0
benchmark-stderr:
perf-stdout:
perf-stderr:
Events disabled
Events enabled
Events disabled

